session_id,rep_index,global_rep_id,risk_score,risk_score_pct,is_high_risk
32903_8,0,0,0.011241,32.08,0
32903_8,1,1,0.008087,21.05,0
32907_3,0,2,0.027948,67.42,0
32907_3,1,3,0.048744,82.74,0
32907_3,2,4,0.014247,40.77,0
32964_1,0,5,0.027701,67.05,0
32964_1,1,6,0.030107,69.6,0
32971_2,0,7,0.014859,42.34,0
32971_2,1,8,0.05041,83.57,0
32975_6,0,9,0.015953,45.18,0
32975_6,1,10,0.025298,63.71,0
32977_1,0,11,0.018761,51.57,0
32977_1,1,12,0.015561,44.11,0
32979_1,0,13,0.010484,29.49,0
32979_1,1,14,0.003828,5.27,0
32987_5,0,15,0.01696,47.3,0
32987_5,1,16,0.022918,59.45,0
32990_6,0,17,0.010688,30.23,0
32990_6,1,18,0.009234,24.71,0
33010_3,0,20,0.014364,41.19,0
33010_3,1,21,0.014237,40.69,0
33024_2,0,22,0.015866,44.89,0
33024_2,1,23,0.012723,36.53,0
33031_2,0,24,0.005074,10.17,0
33031_2,1,25,0.010497,29.57,0
33036_2,0,26,0.008236,21.6,0
33036_2,1,27,0.004964,9.74,0
33044_11,0,28,0.007663,19.85,0
33044_11,1,29,0.125417,95.88,1
33045_1,0,30,0.017907,49.3,0
33045_1,1,31,0.024246,61.74,0
33048_1,0,32,0.041669,79.16,0
33048_1,1,33,0.034607,74.01,0
33063_6,0,34,0.098549,93.78,1
33071_1,0,35,0.030547,70.18,0
33071_1,1,36,0.006207,13.96,0
33072_1,0,37,0.060596,87.38,0
33073_2,0,38,0.012091,34.97,0
33073_2,1,39,0.003964,5.68,0
33082_1,0,40,0.007757,20.22,0
33082_1,1,41,0.006872,16.8,0
33088_1,0,42,0.007786,20.35,0
33088_1,1,43,0.016349,45.76,0
33090_7,0,44,0.003944,5.52,0
33090_7,1,45,0.011963,34.51,0
33095_3,0,46,0.021449,56.47,0
33104_4,0,47,0.025896,64.66,0
33104_4,1,48,0.019013,51.94,0
33117_1,0,49,0.043635,80.62,0
33117_1,1,50,0.018369,50.39,0
33124_2,0,51,0.016708,46.71,0
33124_2,1,52,0.016415,46.05,0
33127_2,0,53,0.011241,32.13,0
33127_2,1,54,0.011914,34.31,0
33133_3,0,55,0.020741,54.86,0
33133_3,1,56,0.035575,75.04,0
33146_1,0,57,0.021524,56.67,0
33146_1,1,58,0.010415,29.32,0
33153_4,0,59,0.005002,9.8,0
33153_4,1,60,0.006398,14.91,0
33166_1,0,61,0.013515,39.0,0
33166_1,1,62,0.023425,60.71,0
33170_1,0,63,0.016899,47.12,0
33170_1,1,64,0.025511,64.04,0
33171_1,0,65,0.018743,51.48,0
33171_1,1,66,0.022223,57.66,0
33176_3,0,67,0.011566,32.91,0
33176_3,1,68,0.00493,9.43,0
33194_1,0,69,0.021514,56.59,0
33207_1,0,70,0.014634,41.8,0
33207_1,1,71,0.020275,54.08,0
33218_2,0,72,0.003502,4.45,0
33218_2,1,73,0.01146,32.62,0
33223_1,0,74,0.103175,94.11,1
33223_1,1,75,0.019189,52.22,0
33229_2,0,76,0.019079,52.1,0
33229_2,1,77,0.004296,6.59,0
33234_1,0,78,0.116382,95.1,1
33234_1,1,79,0.236026,98.85,1
33235_2,0,80,0.011049,31.47,0
33235_2,1,81,0.00186,1.11,0
33236_3,0,82,0.050417,83.61,0
33238_3,0,83,0.031812,71.62,0
33238_3,1,84,0.066662,89.21,0
33245_2,0,85,0.089265,93.04,1
33248_3,0,86,0.015956,45.22,0
33248_3,1,87,0.010061,27.92,0
33253_2,0,88,0.010324,29.04,0
33253_2,1,89,0.01735,48.43,0
33254_1,0,90,0.002015,1.36,0
33254_1,1,91,0.001549,0.74,0
33273_1,0,92,0.00931,25.25,0
33273_1,1,93,0.009291,25.16,0
33277_10,0,94,0.003442,4.2,0
33277_10,1,95,0.00536,11.16,0
33284_1,0,96,0.021891,57.29,0
33290_1,0,97,0.009885,27.35,0
33297_2,0,98,0.00593,13.01,0
33297_2,1,99,0.010696,30.27,0
33300_1,0,100,0.025752,64.5,0
33301_1,0,101,0.024672,62.69,0
33322_3,0,102,0.042127,79.41,0
33330_3,0,103,0.024249,61.78,0
33330_3,1,104,0.05286,84.51,0
33345_1,0,105,0.009636,26.61,0
33364_2,0,106,0.008939,23.89,0
33364_2,1,107,0.015478,43.99,0
33367_1,0,108,0.02249,58.42,0
33367_1,1,109,0.009873,27.2,0
33373_5,0,110,0.026209,65.12,0
33373_5,1,111,0.007477,19.07,0
33374_2,0,112,0.026046,64.99,0
33374_2,1,113,0.015779,44.77,0
33384_1,0,114,0.018748,51.52,0
33384_1,1,115,0.00421,6.38,0
33387_1,0,116,0.016343,45.68,0
33387_1,1,117,0.017483,48.6,0
33406_8,0,118,0.03935,77.8,0
33406_8,1,119,0.012957,37.31,0
33419_4,0,120,0.069245,90.24,1
33419_4,1,121,0.024649,62.64,0
33427_1,0,122,0.004505,7.78,0
33427_1,1,123,0.002898,3.01,0
33432_2,0,124,0.035043,74.51,0
33432_2,1,125,0.008773,23.52,0
33433_2,0,126,0.031131,70.76,0
33433_2,1,127,0.011005,31.3,0
33434_1,0,128,0.048806,82.78,0
33440_2,0,129,0.010937,30.97,0
33440_2,1,130,0.025442,63.92,0
33461_2,0,131,0.006745,16.52,0
33461_2,1,132,0.003739,4.98,0
33466_5,0,133,0.015976,45.3,0
33466_5,1,134,0.002067,1.48,0
33468_2,0,135,0.016642,46.46,0
33485_2,0,136,0.015679,44.48,0
33485_2,1,137,0.009264,24.96,0
33491_1,0,138,0.02517,63.51,0
33491_1,1,139,0.013303,38.51,0
33497_1,0,140,0.006909,17.01,0
33497_1,1,141,0.01683,46.99,0
33499_1,0,142,0.025783,64.54,0
33499_1,1,143,0.010391,29.24,0
33503_2,0,144,0.008732,23.35,0
33503_2,1,145,0.005587,12.11,0
33532_1,0,147,0.198228,98.23,1
33540_2,0,148,0.028713,68.08,0
33540_2,1,149,0.16744,97.36,1
33547_1,0,150,0.036479,76.03,0
33554_3,0,152,0.006504,15.53,0
33554_3,1,153,0.019214,52.27,0
33561_3,0,154,0.022544,58.57,0
33561_3,1,155,0.010559,29.82,0
33565_1,0,156,0.048184,82.5,0
33565_1,1,157,0.027268,66.23,0
33577_1,0,158,0.019951,53.75,0
33584_1,0,159,0.031589,71.54,0
33584_1,1,160,0.017936,49.42,0
33591_1,0,161,0.018429,50.62,0
33591_1,1,162,0.012542,36.04,0
33594_1,0,163,0.004305,6.63,0
33594_1,1,164,0.010882,30.77,0
33599_4,0,165,0.002227,1.73,0
33599_4,1,166,0.001453,0.62,0
33601_2,0,167,0.002842,2.76,0
33601_2,1,168,0.002151,1.61,0
33603_1,0,169,0.18914,97.98,1
33608_4,0,170,0.013331,38.55,0
33608_4,1,171,0.017202,48.06,0
33626_1,0,172,0.007551,19.32,0
33626_1,1,173,0.025658,64.21,0
33626_1,2,174,0.024301,61.94,0
33628_4,0,175,0.02095,55.31,0
33630_2,0,176,0.029796,69.32,0
33634_10,0,177,0.024448,62.07,0
33634_10,1,178,0.03303,72.57,0
33641_3,0,179,0.016928,47.2,0
33641_3,1,180,0.020451,54.57,0
33652_1,0,181,0.0665,89.07,0
33652_1,1,182,0.05373,84.91,0
33654_3,0,183,0.010609,30.11,0
33654_3,1,184,0.007702,20.06,0
33658_1,0,185,0.01283,36.99,0
33658_1,1,186,0.006452,15.2,0
33666_7,0,188,0.2997,99.51,1
33671_1,0,189,0.033254,72.82,0
33671_1,1,190,0.04811,82.41,0
33675_1,0,191,0.037809,76.69,0
33676_1,0,192,0.039751,77.92,0
33676_1,1,193,0.044041,80.81,0
33691_4,0,194,0.095624,93.53,1
33725_2,0,195,0.022766,59.14,0
33725_2,1,196,0.022384,58.07,0
33726_5,0,197,0.027691,67.01,0
33726_5,1,198,0.021285,56.01,0
33729_4,0,199,0.093691,93.41,1
33735_8,0,200,0.028164,67.55,0
33736_1,0,201,0.013418,38.8,0
33736_1,1,202,0.014153,40.53,0
33742_1,0,203,0.004877,9.16,0
33742_1,1,204,0.020406,54.39,0
33747_2,0,205,0.012168,35.34,0
33747_2,1,206,0.008211,21.46,0
33752_3,0,207,0.010934,30.93,0
33752_3,1,208,0.041826,79.28,0
33758_1,0,209,0.064144,88.63,0
33758_1,1,210,0.051046,83.86,0
33765_1,0,211,0.091975,93.25,1
33765_1,1,212,0.042323,79.53,0
33775_3,0,213,0.006463,15.28,0
33775_3,1,214,0.002793,2.59,0
33777_8,0,215,0.004586,8.15,0
33777_8,1,216,0.011069,31.55,0
33791_3,0,217,0.007532,19.23,0
33791_3,1,218,0.00118,0.29,0
33805_1,0,219,0.015933,45.1,0
33805_1,1,220,0.009049,24.22,0
33816_1,0,221,0.019475,52.88,0
33816_1,1,222,0.004702,8.53,0
33824_4,0,224,0.003853,5.35,0
33824_4,1,225,0.012154,35.17,0
33827_1,0,226,0.035496,74.92,0
33827_1,1,227,0.024171,61.49,0
33838_3,0,228,0.026835,65.73,0
33838_3,1,229,0.023897,61.29,0
33843_1,0,230,0.005367,11.29,0
33843_1,1,231,0.038679,77.43,0
33844_2,0,232,0.006304,14.56,0
33844_2,1,233,0.018561,50.93,0
33845_1,0,234,0.008648,22.98,0
33845_1,1,235,0.004123,6.1,0
33847_2,0,236,0.028326,67.75,0
33847_2,1,237,0.042647,80.02,0
33850_1,0,238,0.002759,2.55,0
33850_1,1,239,0.009598,26.4,0
33868_1,0,240,0.022729,58.94,0
33868_1,1,241,0.01558,44.19,0
33877_2,0,242,0.027569,66.74,0
33877_2,1,243,0.030219,69.83,0
33881_2,0,244,0.030613,70.22,0
33881_2,1,245,0.055623,85.79,0
33884_1,0,246,0.054066,85.05,0
33884_1,1,247,0.185566,97.9,1
33921_1,0,248,0.060596,87.38,0
33933_2,0,249,0.006304,14.56,0
33933_2,1,250,0.018561,50.93,0
33938_1,0,251,0.02249,58.42,0
33938_1,1,252,0.009873,27.2,0
33944_1,0,253,0.004877,9.16,0
33944_1,1,254,0.020406,54.39,0
33948_1,0,255,0.0665,89.07,0
33948_1,1,256,0.05373,84.91,0
33950_2,0,257,0.027569,66.74,0
33950_2,1,258,0.030219,69.83,0
33957_5,0,259,0.01696,47.3,0
33957_5,1,260,0.022918,59.45,0
33959_1,0,261,0.043635,80.62,0
33959_1,1,262,0.018369,50.39,0
33966_2,0,263,0.008236,21.6,0
33966_2,1,264,0.004964,9.74,0
36015_1,0,265,0.022098,57.5,0
36035_2,0,267,0.017695,48.97,0
36037_2,0,268,0.084326,92.61,1
36041_6,0,269,0.028135,67.5,0
36041_6,1,270,0.019959,53.79,0
36046_4,0,271,0.005566,12.03,0
36046_4,1,272,0.015429,43.9,0
36077_1,0,273,0.015215,43.45,0
36083_1,0,274,0.024222,61.61,0
36083_1,1,275,0.018564,51.03,0
36092_3,0,276,0.009993,27.8,0
36092_3,1,277,0.001408,0.49,0
36093_1,0,278,0.036133,75.54,0
36093_1,1,279,0.013985,40.12,0
36107_1,0,280,0.007529,19.19,0
36107_1,1,281,0.002805,2.64,0
36110_8,0,282,0.035621,75.08,0
36129_2,0,283,0.0135,38.92,0
36129_2,1,284,0.044672,81.22,0
36131_1,0,285,0.014402,41.31,0
36131_1,1,286,0.019766,53.29,0
36133_2,0,287,0.017168,47.94,0
36138_3,0,288,0.026075,65.03,0
36138_3,1,289,0.006671,16.27,0
36154_3,0,290,0.02538,63.88,0
36155_3,0,291,0.031516,71.42,0
36155_3,1,292,0.019773,53.38,0
36158_2,0,293,0.01036,29.16,0
36158_2,1,294,0.002854,2.88,0
36165_1,0,295,0.019369,52.59,0
36165_1,1,296,0.022951,59.51,0
36221_1,0,297,0.022195,57.6,0
36221_1,1,298,0.02331,60.28,0
36222_1,0,299,0.010965,31.05,0
36222_1,1,300,0.01058,29.98,0
36236_2,0,301,0.007425,18.86,0
36236_2,1,302,0.01258,36.16,0
36238_5,0,303,0.006602,15.94,0
36238_5,1,304,0.01307,37.73,0
36243_3,0,305,0.011133,31.78,0
36243_3,1,306,0.026017,64.89,0
36243_3,2,307,0.033697,73.21,0
36254_3,0,308,0.012879,37.07,0
36254_3,1,309,0.004511,7.87,0
36257_1,0,310,0.009873,27.27,0
36257_1,1,311,0.005971,13.18,0
36258_1,0,312,0.012924,37.23,0
36258_1,1,313,0.018312,50.12,0
36264_2,0,314,0.001722,0.91,0
36264_2,1,315,0.01014,28.25,0
36269_1,0,316,0.019393,52.72,0
36269_1,1,317,0.021867,57.21,0
36271_3,0,318,0.007653,19.77,0
36271_3,1,319,0.014749,42.05,0
36276_4,0,320,0.053908,84.97,0
36288_3,0,321,0.00776,20.26,0
36288_3,1,322,0.018329,50.21,0
36289_4,0,323,0.012157,35.3,0
36289_4,1,324,0.033655,73.15,0
36292_2,0,325,0.010221,28.58,0
36292_2,1,326,0.032237,71.83,0
36295_1,0,327,0.002224,1.69,0
36295_1,1,328,0.005246,10.79,0
36309_3,0,329,0.103391,94.15,1
36318_5,0,330,0.003989,5.85,0
36318_5,1,331,0.005379,11.33,0
36325_1,0,332,0.036084,75.49,0
36325_1,1,333,0.04282,80.11,0
36325_1,2,334,0.035071,74.59,0
36329_2,0,335,0.063406,88.22,0
36345_3,0,336,0.03488,74.24,0
36345_3,1,337,0.023219,60.03,0
36350_4,0,338,0.042258,79.49,0
36350_4,1,339,0.007888,20.55,0
36351_11,0,340,0.018427,50.58,0
36354_2,0,341,0.013336,38.59,0
36354_2,1,342,0.00601,13.34,0
36362_6,0,343,0.015161,43.2,0
36362_6,1,344,0.018548,50.86,0
36365_3,0,345,0.027216,66.12,0
36365_3,1,346,0.01981,53.48,0
36389_4,0,347,0.049097,82.87,0
36389_4,1,348,0.016481,46.21,0
36399_1,0,349,0.044638,81.14,0
36399_1,1,350,0.016281,45.63,0
36434_2,0,351,0.088901,92.96,1
36434_2,1,352,0.010949,31.01,0
36450_1,1,354,0.05767,86.41,0
36453_3,0,355,0.004846,9.06,0
36453_3,1,356,0.008324,21.91,0
36464_2,0,357,0.004071,5.97,0
36464_2,1,358,0.022792,59.23,0
36471_2,0,359,0.002876,2.97,0
36471_2,1,360,0.015405,43.82,0
36474_2,0,361,0.100718,93.99,1
36477_2,0,362,0.00994,27.55,0
36477_2,1,363,0.005235,10.71,0
36478_7,0,364,0.112499,94.77,1
36478_7,1,365,0.048744,82.7,0
36478_7,2,366,0.042549,79.9,0
36493_2,0,367,0.002726,2.49,0
36493_2,1,368,0.003281,3.64,0
36499_1,0,370,0.264776,99.18,1
36499_1,1,371,0.009614,26.57,0
36501_1,0,372,0.004424,7.37,0
36501_1,1,373,0.011233,32.0,0
36502_2,0,374,0.011603,33.09,0
36502_2,1,375,0.022661,58.88,0
36504_1,0,376,0.01457,41.7,0
36504_1,1,377,0.010792,30.46,0
36506_1,0,378,0.027096,65.98,0
36511_1,0,379,0.006736,16.43,0
36511_1,1,380,0.011277,32.21,0
36533_5,0,381,0.032661,72.28,0
36533_5,1,382,0.008895,23.76,0
36534_5,0,383,0.013157,37.89,0
36534_5,1,384,0.023243,60.09,0
36544_1,0,385,0.059718,87.23,0
36548_3,0,386,0.015419,43.86,0
36548_3,1,387,0.005779,12.81,0
36584_1,0,388,0.007079,18.0,0
36584_1,1,389,0.008871,23.68,0
36586_1,0,390,0.067866,89.62,0
36586_1,1,391,0.018583,51.15,0
36598_10,0,392,0.00633,14.66,0
36598_10,1,393,0.011425,32.54,0
36599_2,0,394,0.026665,65.61,0
36599_2,1,395,0.013788,39.7,0
36602_4,0,396,0.220382,98.64,1
36613_2,0,397,0.013085,37.81,0
36613_2,1,398,0.14813,96.71,1
36627_3,0,399,0.014197,40.65,0
36627_3,1,400,0.003748,5.02,0
36644_6,0,401,0.017049,47.49,0
36644_6,1,402,0.020799,54.98,0
36653_2,0,403,0.06814,89.7,0
36653_2,1,404,0.003269,3.58,0
36663_1,0,405,0.30285,99.55,1
36663_1,1,406,0.053426,84.8,0
36663_1,2,407,0.031149,70.88,0
36667_1,0,408,0.011083,31.59,0
36667_1,1,409,0.035674,75.21,0
36669_2,0,410,0.012381,35.71,0
36669_2,1,411,0.01537,43.74,0
36680_12,0,414,0.018877,51.73,0
36680_12,1,415,0.018481,50.74,0
36687_3,0,416,0.010239,28.71,0
36687_3,1,417,0.014823,42.26,0
36706_4,0,418,0.076646,91.52,1
36718_4,0,419,0.071305,90.49,1
36718_4,1,420,0.010217,28.54,0
36732_3,0,421,0.050773,83.69,0
36732_3,1,422,0.032219,71.79,0
36740_1,0,423,0.00761,19.58,0
36740_1,1,424,0.006566,15.75,0
36748_2,0,425,0.007536,19.28,0
36748_2,1,426,0.005708,12.48,0
36759_3,0,427,0.014878,42.46,0
36759_3,1,428,0.016232,45.59,0
36761_2,0,429,0.022847,59.27,0
36761_2,1,430,0.010922,30.89,0
36769_1,0,431,0.033243,72.78,0
36769_1,1,432,0.009982,27.76,0
36772_6,0,433,0.133608,96.17,1
36772_6,1,434,0.028695,68.04,0
36777_4,0,435,0.008073,21.0,0
36777_4,1,436,0.012822,36.94,0
36788_2,0,437,0.01117,31.84,0
36788_2,1,438,0.003988,5.81,0
36808_1,0,439,0.03492,74.38,0
36808_1,1,440,0.021374,56.22,0
36809_2,0,441,0.025587,64.13,0
36810_1,0,442,0.020634,54.65,0
36810_1,1,443,0.013166,37.93,0
36821_3,0,444,0.022366,57.99,0
36823_7,0,445,0.006528,15.61,0
36823_7,1,446,0.00715,18.08,0
36833_7,0,447,0.032881,72.49,0
36833_7,1,448,0.012034,34.8,0
36836_4,0,449,0.01365,39.19,0
36836_4,1,450,0.017197,48.0,0
36839_2,0,451,0.009732,27.06,0
36839_2,1,452,0.0073,18.53,0
36848_1,0,453,0.009684,26.98,0
36858_1,0,455,0.021549,56.75,0
36858_1,1,456,0.018768,51.61,0
36865_3,0,457,0.006535,15.65,0
36865_3,1,458,0.005508,11.82,0
36873_2,0,459,0.001915,1.24,0
36873_2,1,460,0.006089,13.47,0
36885_2,0,461,0.012,34.64,0
36885_2,1,462,0.006492,15.36,0
36893_1,0,463,0.031762,71.58,0
36898_6,0,464,0.013682,39.33,0
36899_1,0,466,0.022536,58.53,0
36899_1,1,467,0.019533,53.01,0
36907_1,1,468,0.012099,35.01,0
36910_1,0,469,0.035892,75.41,0
36910_1,1,470,0.005021,9.88,0
36911_2,0,471,0.008514,22.49,0
36911_2,1,472,0.011873,34.06,0
36915_5,0,473,0.03042,70.06,0
36915_5,1,474,0.031286,71.09,0
36926_4,0,475,0.02991,69.36,0
36926_4,1,476,0.014863,42.42,0
36930_6,0,477,0.036775,76.24,0
36930_6,1,478,0.036372,75.78,0
36938_5,0,479,0.003103,3.34,0
36938_5,1,480,0.019735,53.21,0
36940_6,0,481,0.01571,44.56,0
36940_6,1,482,0.014452,41.43,0
36943_3,0,483,0.213035,98.52,1
36943_3,1,484,0.02115,55.6,0
36947_1,0,485,0.099043,93.82,1
36953_1,0,486,0.032417,71.95,0
36953_1,1,487,0.023464,60.79,0
36954_2,0,488,0.018799,51.69,0
36963_1,0,489,0.002807,2.68,0
36963_1,1,490,0.00393,5.48,0
36965_6,0,491,0.011468,32.7,0
36968_1,0,492,0.020368,54.28,0
36971_9,0,493,0.045039,81.38,0
36971_9,1,494,0.055983,85.83,0
36975_1,0,495,0.042162,79.45,0
36975_1,1,496,0.011944,34.39,0
36977_2,0,497,0.007016,17.55,0
36977_2,1,498,0.01655,46.29,0
36980_1,0,499,0.013769,39.58,0
36983_4,0,500,0.01377,39.66,0
36983_4,1,501,0.005363,11.24,0
36984_4,0,502,0.045106,81.47,0
36984_4,1,503,0.006839,16.68,0
36991_2,0,504,0.027179,66.02,0
36991_2,1,505,0.012006,34.72,0
36997_1,0,506,0.013019,37.52,0
36997_1,1,507,0.014977,42.75,0
37000_1,0,508,0.004222,6.43,0
37000_1,1,509,0.006385,14.83,0
37036_2,0,510,0.084326,92.61,1
37041_3,0,511,0.03488,74.24,0
37041_3,1,512,0.023219,60.03,0
37042_2,0,513,0.011603,33.09,0
37042_2,1,514,0.022661,58.88,0
37044_4,0,515,0.01365,39.19,0
37044_4,1,516,0.017197,48.0,0
37045_1,0,517,0.01457,41.7,0
37045_1,1,518,0.010792,30.46,0
37048_2,0,519,0.030116,69.65,0
37049_3,0,520,0.011133,31.78,0
37049_3,1,521,0.026017,64.89,0
37049_3,2,522,0.033697,73.21,0
37050_1,0,523,0.022195,57.6,0
37050_1,1,524,0.02331,60.28,0
37055_1,0,525,0.00761,19.58,0
37055_1,1,526,0.006566,15.75,0
37057_3,0,527,0.027216,66.12,0
37057_3,1,528,0.01981,53.48,0
37058_2,0,529,0.002726,2.49,0
37058_2,1,530,0.003281,3.64,0
37067_1,0,531,0.009386,25.41,0
37067_1,1,532,0.00661,16.02,0
37069_1,0,533,0.022285,57.87,0
37069_1,1,534,0.024396,61.99,0
37072_3,0,535,0.00087,0.08,0
37072_3,1,536,0.006633,16.14,0
37073_2,0,537,0.027568,66.68,0
37073_2,1,538,0.017055,47.57,0
37076_1,0,539,0.010255,28.75,0
37076_1,1,540,0.00626,14.13,0
37080_4,0,541,0.008551,22.61,0
37080_4,1,542,0.009201,24.63,0
37081_1,0,543,0.005599,12.15,0
37081_1,1,544,0.008436,22.32,0
37083_1,0,545,0.024555,62.34,0
37083_1,1,546,0.001031,0.14,0
37092_1,0,547,0.041405,78.91,0
37092_1,1,548,0.006461,15.24,0
37093_3,0,549,0.027634,66.93,0
37093_3,1,550,0.016667,46.62,0
37099_7,0,551,0.021875,57.25,0
37099_7,1,552,0.015168,43.25,0
37100_3,0,553,0.008114,21.25,0
37108_11,0,554,0.036151,75.62,0
37108_11,1,555,0.259735,99.09,1
37120_3,0,556,0.006764,16.6,0
37120_3,1,557,0.014685,41.93,0
37131_1,0,558,0.082358,92.22,1
37131_1,1,559,0.006595,15.9,0
37137_1,0,561,0.192984,98.11,1
37137_1,1,562,0.027367,66.27,0
37145_1,0,563,0.011704,33.48,0
37145_1,1,564,0.016819,46.95,0
37151_1,0,565,0.017493,48.68,0
37151_1,1,566,0.038266,76.98,0
37172_2,0,567,0.021096,55.52,0
37172_2,1,568,0.034304,73.81,0
37179_1,0,569,0.016555,46.38,0
37179_1,1,570,0.024034,61.45,0
37180_2,0,571,0.029022,68.53,0
37193_1,0,572,0.061326,87.73,0
37193_1,1,573,0.009503,25.86,0
37196_5,0,574,0.008375,22.12,0
37196_5,1,575,0.008339,21.95,0
37197_5,0,576,0.0026,2.2,0
37197_5,1,577,0.006862,16.74,0
37203_3,0,578,0.074928,91.27,1
37203_3,1,579,0.107577,94.48,1
37203_3,2,580,0.042418,79.61,0
37205_5,0,581,0.033877,73.39,0
37205_5,1,582,0.02893,68.37,0
37215_5,0,583,0.00961,26.48,0
37219_5,1,585,0.049154,82.91,0
37224_1,0,586,0.018911,51.89,0
37224_1,1,587,0.019054,51.98,0
37238_1,0,588,0.00692,17.17,0
37238_1,1,589,0.02692,65.86,0
37238_1,2,590,0.046724,82.04,0
37261_2,0,595,0.118889,95.22,1
37261_2,1,596,0.017262,48.27,0
37262_2,0,597,0.118889,95.22,1
37262_2,1,598,0.017262,48.27,0
37278_3,0,599,0.008995,23.93,0
37278_3,1,600,0.015117,43.0,0
37287_2,0,601,0.003464,4.32,0
37287_2,1,602,0.003397,4.12,0
37295_2,0,603,0.011565,32.87,0
37295_2,1,604,0.018207,49.92,0
37304_1,0,605,0.06233,87.95,0
37305_3,0,606,0.017151,47.9,0
37305_3,1,607,0.072322,90.77,1
37337_1,0,608,0.071352,90.53,1
37340_1,0,609,0.006439,15.12,0
37340_1,1,610,0.003723,4.9,0
37342_4,0,611,0.02497,63.14,0
37351_3,0,612,0.025138,63.47,0
37351_3,1,613,0.013167,37.97,0
37367_2,0,614,0.042876,80.19,0
37371_1,0,615,0.056196,85.91,0
37376_2,0,616,0.043196,80.48,0
37376_2,1,617,0.012995,37.44,0
37389_1,0,618,0.008552,22.65,0
37389_1,1,619,0.006613,16.06,0
37394_4,0,620,0.042456,79.74,0
37403_1,0,621,0.01131,32.29,0
37403_1,1,622,0.00617,13.63,0
37405_1,0,623,0.063927,88.51,0
37405_1,1,624,0.005746,12.73,0
37410_1,0,625,0.035799,75.25,0
37410_1,1,626,0.016942,47.24,0
37412_1,0,627,0.037583,76.48,0
37413_6,0,628,0.06698,89.33,0
37421_2,0,630,0.048492,82.66,0
37421_2,1,631,0.079675,92.05,1
37423_1,0,632,0.042437,79.65,0
37427_2,0,633,0.020199,54.04,0
37427_2,1,634,0.00757,19.44,0
37429_1,0,635,0.003973,5.75,0
37429_1,1,636,0.004548,8.01,0
37430_2,0,637,0.002599,2.12,0
37430_2,1,638,0.008557,22.76,0
37432_2,0,639,0.053956,85.01,0
37432_2,1,640,0.032485,72.08,0
37448_1,0,641,0.002239,1.79,0
37456_6,0,642,0.030095,69.56,0
37456_6,1,643,0.28374,99.38,1
37471_3,0,644,0.053043,84.68,0
37471_3,1,645,0.003524,4.61,0
37474_3,0,646,0.040984,78.62,0
37474_3,1,647,0.005463,11.61,0
37485_4,0,648,0.006903,16.97,0
37485_4,1,649,0.010901,30.85,0
37490_4,0,650,0.056005,85.87,0
37490_4,1,651,0.082249,92.17,1
37491_2,0,652,0.004725,8.67,0
37491_2,1,653,0.031232,71.03,0
37491_2,2,654,0.049847,83.22,0
37498_1,0,655,0.198666,98.31,1
37499_1,0,656,0.137326,96.25,1
37499_1,1,657,0.008091,21.09,0
37500_6,0,658,0.013246,38.3,0
37500_6,1,659,0.020808,55.02,0
37508_2,0,660,0.006609,15.98,0
37508_2,1,661,0.007718,20.14,0
37517_7,0,662,0.063324,88.14,0
37517_7,1,663,0.02859,67.96,0
37521_1,0,664,0.01832,50.16,0
37521_1,1,665,0.022463,58.28,0
37524_2,0,666,0.016722,46.75,0
37524_2,1,667,0.013514,38.96,0
37526_1,0,668,0.015784,44.81,0
37526_1,1,669,0.01085,30.68,0
37527_2,0,670,0.006519,15.57,0
37527_2,1,671,0.00701,17.5,0
37531_7,0,672,0.021241,55.85,0
37531_7,1,673,0.037107,76.28,0
37535_2,0,674,0.005497,11.74,0
37535_2,1,675,0.017077,47.61,0
37547_1,0,676,0.120775,95.43,1
37576_1,0,677,0.004933,9.51,0
37580_1,0,678,0.001909,1.15,0
37580_1,1,679,0.005691,12.4,0
37582_2,0,680,0.011583,32.99,0
37582_2,1,681,0.010496,29.53,0
37586_1,0,682,0.021777,56.96,0
37586_1,1,683,0.011839,33.77,0
37587_4,0,684,0.005311,10.96,0
37587_4,1,685,0.006299,14.37,0
37596_1,0,686,0.138805,96.33,1
37596_1,1,687,0.033519,73.11,0
37597_3,0,688,0.023418,60.63,0
37597_3,1,689,0.016636,46.42,0
37603_1,0,690,0.013188,38.1,0
37603_1,1,691,0.007172,18.2,0
37605_7,0,692,0.00795,20.76,0
37605_7,1,693,0.009679,26.89,0
37609_3,0,694,0.007331,18.66,0
37609_3,1,695,0.006874,16.85,0
37611_1,0,696,0.02137,56.18,0
37611_1,1,697,0.016652,46.58,0
37615_1,0,698,0.00798,20.8,0
37615_1,1,699,0.009813,27.1,0
37618_2,0,700,0.014943,42.67,0
37618_2,1,701,0.022486,58.36,0
37619_2,0,702,0.038298,77.02,0
37630_4,0,703,0.011091,31.63,0
37630_4,1,704,0.006303,14.46,0
37643_3,0,705,0.033447,73.06,0
37643_3,1,706,0.02767,66.97,0
37653_1,0,707,0.002851,2.8,0
37662_2,0,708,0.022406,58.11,0
37662_2,1,709,0.002656,2.31,0
37663_5,0,710,0.016343,45.72,0
37663_5,1,711,0.056899,86.2,0
37664_2,0,712,0.00541,11.49,0
37664_2,1,713,0.003826,5.23,0
37665_1,0,714,0.025254,63.63,0
37665_1,1,715,0.086518,92.79,1
37673_12,0,716,0.037827,76.77,0
37673_12,1,717,0.143394,96.5,1
37676_1,0,718,0.004466,7.62,0
37676_1,1,719,0.012718,36.45,0
37682_2,0,720,0.010317,29.0,0
37682_2,1,721,0.004196,6.26,0
37691_1,0,722,0.018617,51.19,0
37691_1,1,723,0.001808,0.99,0
37694_9,0,724,0.044576,81.01,0
37694_9,1,725,0.015719,44.6,0
37697_2,0,726,0.012099,35.05,0
37697_2,1,727,0.009995,27.84,0
37701_14,0,728,0.022613,58.63,0
37701_14,1,729,0.026896,65.79,0
37709_2,0,730,0.031474,71.27,0
37709_2,1,731,0.014558,41.62,0
37720_2,0,732,0.011669,33.32,0
37720_2,1,733,0.020816,55.07,0
37722_1,0,734,0.05967,87.19,0
37722_1,1,735,0.182359,97.82,1
37722_1,2,736,0.049241,82.95,0
37723_2,0,737,0.034307,73.85,0
37732_2,0,738,0.00299,3.25,0
37732_2,1,739,0.006122,13.55,0
37741_1,0,740,0.112536,94.81,1
37741_1,1,741,0.055305,85.75,0
37755_1,0,742,0.006328,14.62,0
37755_1,1,743,0.002853,2.84,0
37757_3,0,744,0.046946,82.08,0
37761_1,0,745,0.018574,51.11,0
37761_1,1,746,0.024235,61.66,0
37772_2,0,747,0.018193,49.84,0
37773_1,0,748,0.011677,33.4,0
37773_1,1,749,0.0161,45.43,0
37774_1,0,750,0.015295,43.62,0
37774_1,1,751,0.014581,41.76,0
37791_1,0,752,0.006171,13.69,0
37791_1,1,753,0.007551,19.38,0
37795_2,0,754,0.009469,25.7,0
37799_2,0,755,0.027061,65.94,0
37799_2,1,756,0.074984,91.31,1
37805_1,0,757,0.022341,57.95,0
37805_1,1,758,0.04018,78.25,0
37815_1,0,759,0.040709,78.54,0
37815_1,1,760,0.012796,36.78,0
37819_8,0,761,0.010088,28.01,0
37819_8,1,762,0.00706,17.83,0
37820_1,0,763,0.0045,7.74,0
37820_1,1,764,0.00698,17.3,0
37824_2,0,765,0.011692,33.44,0
37824_2,1,766,0.010972,31.14,0
37844_1,0,767,0.018368,50.33,0
37844_1,1,768,0.01011,28.09,0
37858_1,0,769,0.257938,99.05,1
37858_1,1,770,0.017841,49.22,0
37859_4,0,771,0.014012,40.28,0
37859_4,1,772,0.008754,23.48,0
37861_3,0,773,0.056581,86.08,0
37861_3,1,774,0.030903,70.55,0
37864_7,0,775,0.049441,83.03,0
37864_7,1,776,0.08477,92.67,1
37872_1,0,777,0.010892,30.81,0
37872_1,1,778,0.005718,12.52,0
37885_1,0,779,0.336464,99.79,1
37895_1,0,780,0.010568,29.9,0
37895_1,1,781,0.005032,9.93,0
37902_1,0,782,0.008435,22.28,0
37902_1,1,783,0.017854,49.26,0
37904_4,0,784,0.030155,69.75,0
37904_4,1,785,0.046973,82.15,0
37915_1,0,786,0.018147,49.67,0
37915_1,1,787,0.015636,44.4,0
37935_2,0,788,0.009065,24.26,0
37935_2,1,789,0.014079,40.36,0
37936_1,0,790,0.036483,76.07,0
37936_1,1,791,0.015913,45.02,0
37973_1,0,792,0.018201,49.88,0
37973_1,1,793,0.097673,93.74,1
37976_3,0,794,0.025722,64.44,0
37976_3,1,795,0.003375,4.06,0
37980_2,0,796,0.023292,60.19,0
37980_2,1,797,0.009276,25.06,0
37994_1,0,798,0.014894,42.55,0
37994_1,1,799,0.005177,10.42,0
37997_4,0,800,0.009963,27.68,0
37997_4,1,801,0.034547,73.97,0
37998_1,0,802,0.029685,69.13,0
37998_1,1,803,0.005745,12.66,0
38001_14,0,804,0.047835,82.37,0
38001_14,1,805,0.059116,86.94,0
38008_1,0,806,0.033408,73.02,0
38008_1,1,807,0.012694,36.37,0
38018_2,0,808,0.024621,62.52,0
38018_2,1,809,0.032043,71.71,0
38028_7,0,811,0.029761,69.23,0
38028_7,1,812,0.019523,52.97,0
38029_1,0,813,0.052706,84.47,0
38032_1,0,814,0.007793,20.39,0
38032_1,1,815,0.005224,10.63,0
38040_1,0,816,0.07368,91.1,1
38040_1,1,817,0.010035,27.88,0
38045_1,0,818,0.030723,70.3,0
38045_1,1,819,0.0655,88.84,0
38057_4,0,820,0.010191,28.48,0
38057_4,1,821,0.003255,3.52,0
38090_4,0,822,0.030155,69.75,0
38090_4,1,823,0.046973,82.15,0
38091_5,0,824,0.0026,2.2,0
38091_5,1,825,0.006862,16.74,0
38092_1,0,826,0.029685,69.13,0
38092_1,1,827,0.005745,12.66,0
38094_2,0,828,0.004725,8.67,0
38094_2,1,829,0.031232,71.03,0
38094_2,2,830,0.049847,83.22,0
38096_1,0,831,0.003973,5.75,0
38096_1,1,832,0.004548,8.01,0
38097_1,0,833,0.06233,87.95,0
38099_2,0,834,0.118889,95.22,1
38099_2,1,835,0.017262,48.27,0
38101_1,0,836,0.006171,13.69,0
38101_1,1,837,0.007551,19.38,0
38102_2,0,838,0.023292,60.19,0
38102_2,1,839,0.009276,25.06,0
38103_2,0,840,0.031474,71.27,0
38103_2,1,841,0.014558,41.62,0
38104_1,0,842,0.002239,1.79,0
38106_4,0,843,0.010191,28.48,0
38106_4,1,844,0.003255,3.52,0
38109_14,0,845,0.022613,58.63,0
38109_14,1,846,0.026896,65.79,0
38110_2,0,847,0.002599,2.12,0
38110_2,1,848,0.008557,22.76,0
38113_1,0,849,0.024555,62.34,0
38113_1,1,850,0.001031,0.14,0
38115_3,0,851,0.025722,64.44,0
38115_3,1,852,0.003375,4.06,0
45823_6,0,853,0.004798,8.9,0
45823_6,1,854,0.003038,3.29,0
45844_1,0,855,0.027817,67.13,0
45844_1,1,856,0.035804,75.29,0
45879_2,0,857,0.012575,36.12,0
45879_2,1,858,0.007528,19.15,0
45890_3,0,859,0.040421,78.42,0
45890_3,1,860,0.02326,60.13,0
45896_11,0,861,0.172589,97.61,1
45896_11,1,862,0.024603,62.44,0
45919_1,0,863,0.06642,88.96,0
45919_1,1,864,0.00641,14.99,0
45944_1,0,865,0.015613,44.32,0
45944_1,1,866,0.006447,15.16,0
45946_1,0,869,0.008486,22.45,0
45946_1,1,870,0.018356,50.25,0
45950_1,0,871,0.074133,91.23,1
45950_1,1,872,0.03476,74.14,0
45952_1,0,873,0.040186,78.29,0
45954_2,0,874,0.035545,74.96,0
45954_2,1,875,0.107586,94.52,1
45959_1,0,876,0.017546,48.76,0
45968_3,0,877,0.022319,57.91,0
45968_3,1,878,0.035549,75.0,0
45970_1,0,879,0.027385,66.41,0
45970_1,1,880,0.013688,39.39,0
45973_7,0,881,0.00774,20.18,0
45973_7,1,882,0.012524,36.0,0
45984_2,0,883,0.013545,39.04,0
45984_2,1,884,0.002609,2.27,0
45986_3,0,885,0.058195,86.66,0
45986_3,1,886,0.018739,51.44,0
46001_4,0,887,0.017652,48.85,0
46007_3,0,888,0.007765,20.3,0
46007_3,1,889,0.001405,0.45,0
46010_3,0,890,0.043662,80.68,0
46010_3,1,891,0.013822,39.83,0
46026_1,0,892,0.021732,56.88,0
46026_1,1,893,0.014265,40.86,0
46029_1,0,894,0.041139,78.71,0
46029_1,1,895,0.004378,7.17,0
46035_1,0,896,0.036413,75.99,0
46035_1,1,897,0.013607,39.09,0
46036_1,0,898,0.018106,49.59,0
46036_1,1,899,0.029235,68.74,0
46039_1,0,900,0.022228,57.7,0
46043_4,0,901,0.055265,85.67,0
46047_1,0,902,0.038507,77.27,0
46051_1,0,903,0.027377,66.35,0
46051_1,1,904,0.005012,9.84,0
46057_2,0,905,0.014383,41.27,0
46057_2,1,906,0.026665,65.57,0
46064_1,0,907,0.01923,52.35,0
46064_1,1,908,0.017082,47.69,0
46067_1,0,909,0.020352,54.24,0
46067_1,1,910,0.0308,70.43,0
46073_1,1,911,0.024211,61.57,0
46076_3,0,912,0.005072,10.13,0
46076_3,1,913,0.009468,25.62,0
46081_1,0,914,0.240739,98.93,1
46081_1,1,915,0.101642,94.03,1
46085_2,0,916,0.044638,81.1,0
46087_1,0,917,0.006985,17.38,0
46087_1,1,918,0.005751,12.77,0
46091_6,0,919,0.009548,26.19,0
46091_6,1,920,0.005315,11.04,0
46093_1,0,921,0.016925,47.16,0
46093_1,1,922,0.004551,8.07,0
46095_1,0,923,0.035191,74.77,0
46100_3,0,924,0.013211,38.22,0
46100_3,1,925,0.010582,30.02,0
46103_2,0,926,0.034909,74.32,0
46103_2,1,927,0.009452,25.51,0
46108_1,0,928,0.005209,10.52,0
46108_1,1,929,0.009518,25.93,0
46109_1,0,930,0.005138,10.34,0
46109_1,1,931,0.042532,79.82,0
46113_5,0,932,0.049049,82.83,0
46134_1,0,933,0.008139,21.29,0
46134_1,1,934,0.003455,4.24,0
46156_1,0,935,0.011295,32.25,0
46156_1,1,936,0.041301,78.79,0
46160_1,0,937,0.011852,33.9,0
46160_1,1,938,0.018716,51.36,0
46165_1,0,939,0.027831,67.17,0
46165_1,1,940,0.019826,53.54,0
46167_1,0,941,0.022502,58.48,0
46167_1,1,942,0.030222,69.93,0
46174_1,0,943,0.058668,86.86,0
46178_2,0,944,0.001446,0.54,0
46178_2,1,945,0.015917,45.06,0
46183_3,0,946,0.023895,61.24,0
46183_3,1,947,0.116322,95.06,1
46185_2,0,948,0.007418,18.78,0
46185_2,1,949,0.011884,34.1,0
46186_4,0,950,0.119829,95.3,1
46187_1,0,951,0.044918,81.34,0
46187_1,1,952,0.017462,48.52,0
46190_11,0,953,0.019254,52.51,0
46191_2,0,954,0.030012,69.46,0
46191_2,1,955,0.021208,55.7,0
46207_2,0,956,0.009176,24.55,0
46207_2,1,957,0.014138,40.49,0
46209_3,0,958,0.038596,77.35,0
46209_3,1,959,0.00268,2.39,0
46213_1,0,960,0.008197,21.38,0
46213_1,1,961,0.005042,9.97,0
46216_1,0,962,0.023114,59.72,0
46217_1,0,963,0.134111,96.21,1
46217_1,1,964,0.156529,96.95,1
46220_7,0,965,0.004132,6.14,0
46220_7,1,966,0.042491,79.78,0
46230_1,0,967,0.125109,95.84,1
46230_1,1,968,0.012184,35.38,0
46233_1,0,969,0.0282,67.59,0
46233_1,1,970,0.079319,91.97,1
46239_5,0,971,0.014859,42.3,0
46239_5,1,972,0.013906,40.03,0
46243_1,0,973,0.00854,22.57,0
46243_1,1,974,0.033959,73.48,0
46247_1,0,975,0.164081,97.2,1
46248_5,0,976,0.023856,61.2,0
46248_5,1,977,0.014374,41.23,0
46252_1,0,978,0.005226,10.67,0
46252_1,1,979,0.012081,34.93,0
46259_1,0,980,0.015557,44.05,0
46259_1,1,981,0.032507,72.14,0
46261_2,0,982,0.096804,93.66,1
46264_2,0,983,0.020292,54.12,0
46278_1,0,984,0.038167,76.89,0
46278_1,1,985,0.038192,76.94,0
46280_1,0,986,0.025286,63.67,0
46280_1,1,987,0.001918,1.28,0
46284_1,0,988,0.001618,0.82,0
46286_1,0,989,0.010804,30.52,0
46286_1,1,990,0.015398,43.78,0
46289_3,0,991,0.006015,13.39,0
46289_3,1,992,0.002065,1.44,0
46295_53,0,993,0.010134,28.21,0
46295_53,1,994,0.025934,64.79,0
46302_3,0,995,0.063366,88.18,0
46302_3,1,996,0.012386,35.75,0
46307_6,0,997,0.031199,70.92,0
46307_6,1,998,0.013058,37.69,0
46308_1,0,999,0.004945,9.6,0
46308_1,1,1000,0.052176,84.31,0
46308_1,2,1001,0.013191,38.14,0
46311_1,0,1002,0.009951,27.64,0
46311_1,1,1003,0.00256,2.06,0
46312_2,0,1004,0.006193,13.84,0
46312_2,1,1005,0.024258,61.82,0
46316_6,0,1006,0.009685,27.02,0
46316_6,1,1007,0.004435,7.5,0
46319_1,0,1008,0.022264,57.83,0
46319_1,1,1009,0.104198,94.32,1
46327_1,0,1010,0.026009,64.83,0
46327_1,1,1011,0.08961,93.12,1
46332_3,0,1012,0.0187,51.32,0
46332_3,1,1013,0.012905,37.15,0
46334_2,0,1014,0.004443,7.54,0
46334_2,1,1015,0.030518,70.14,0
46341_1,0,1016,0.028291,67.67,0
46341_1,1,1017,0.091249,93.16,1
46348_1,0,1018,0.007849,20.51,0
46348_1,1,1019,0.036357,75.74,0
46356_3,0,1020,0.010276,28.87,0
46356_3,1,1021,0.019336,52.55,0
46359_1,0,1022,0.005108,10.28,0
46359_1,1,1023,0.051309,84.04,0
46365_5,0,1024,0.0164,45.92,0
46367_1,0,1025,0.191434,98.06,1
46367_1,1,1026,0.021526,56.71,0
46372_1,0,1027,0.008557,22.69,0
46372_1,1,1028,0.004336,7.04,0
46376_1,0,1029,0.006911,17.05,0
46376_1,1,1030,0.006427,15.03,0
46380_1,0,1031,0.01793,49.38,0
46382_2,0,1032,0.039807,78.01,0
46382_2,1,1033,0.022052,57.33,0
46385_1,0,1034,0.083952,92.46,1
46385_1,1,1035,0.024862,62.89,0
46396_3,0,1036,0.037823,76.73,0
46396_3,1,1037,0.0917,93.2,1
46406_3,0,1038,0.014169,40.61,0
46406_3,1,1039,0.017229,48.11,0
46407_1,0,1040,0.010554,29.78,0
46407_1,1,1041,0.075042,91.35,1
46410_1,0,1042,0.005175,10.38,0
46410_1,1,1043,0.009031,24.18,0
46412_5,0,1044,0.121339,95.55,1
46412_5,1,1045,0.051466,84.18,0
46413_4,0,1046,0.019056,52.02,0
46413_4,1,1047,0.013276,38.43,0
46417_1,0,1048,0.066543,89.13,0
46435_1,0,1049,0.082485,92.26,1
46435_1,1,1050,0.019684,53.13,0
46438_1,0,1051,0.050474,83.65,0
46438_1,1,1052,0.02495,63.06,0
46445_1,0,1053,0.003911,5.44,0
46445_1,1,1054,0.015219,43.49,0
46462_4,0,1055,0.025625,64.17,0
46465_3,0,1056,0.198531,98.27,1
46470_8,0,1058,0.040605,78.46,0
46470_8,1,1059,0.042562,79.98,0
46480_4,0,1060,0.018452,50.66,0
46480_4,1,1061,0.010167,28.38,0
46482_2,0,1062,0.021413,56.34,0
46482_2,1,1063,0.161602,97.12,1
46484_11,0,1064,0.024787,62.81,0
46484_11,1,1065,0.011901,34.23,0
46494_1,0,1066,0.023154,59.88,0
46494_1,1,1067,0.041771,79.24,0
46499_2,0,1068,0.029093,68.57,0
46499_2,1,1069,0.021436,56.43,0
46502_1,0,1070,0.044254,80.89,0
46506_5,0,1071,0.008218,21.54,0
46506_5,1,1072,0.002319,1.94,0
46507_2,0,1073,0.030983,70.63,0
46509_1,0,1074,0.044766,81.3,0
46509_1,1,1075,0.004632,8.36,0
46522_4,0,1076,0.017345,48.39,0
46522_4,1,1077,0.015789,44.85,0
46526_1,0,1078,0.051223,83.9,0
46526_1,1,1079,0.006221,14.04,0
46529_3,0,1080,0.004886,9.23,0
46529_3,1,1081,0.00935,25.37,0
46530_1,0,1082,0.005555,11.99,0
46530_1,1,1083,0.002968,3.21,0
46546_4,0,1084,0.068804,90.03,1
46550_1,0,1085,0.009135,24.46,0
46550_1,1,1086,0.009348,25.33,0
46559_11,0,1087,0.169588,97.41,1
46559_11,1,1088,0.057541,86.33,0
46569_11,0,1089,0.027596,66.8,0
46570_1,0,1090,0.013193,38.18,0
46570_1,1,1091,0.015114,42.96,0
46571_3,0,1092,0.564231,100.0,1
46572_1,0,1093,0.274359,99.24,1
46583_1,0,1094,0.007019,17.61,0
46583_1,1,1095,0.006685,16.33,0
46587_7,0,1096,0.043944,80.77,0
46587_7,1,1097,0.095433,93.49,1
46589_2,0,1098,0.113437,94.89,1
46589_2,1,1099,0.01133,32.33,0
46610_2,0,1100,0.103608,94.23,1
46610_2,1,1101,0.007294,18.49,0
46616_20,0,1102,0.034639,74.05,0
46616_20,1,1103,0.011583,32.95,0
46619_1,0,1104,0.09632,93.57,1
46619_1,1,1105,0.017661,48.89,0
46620_2,1,1106,0.277789,99.34,1
46621_1,0,1107,0.027839,67.24,0
46621_1,1,1108,0.025046,63.32,0
46626_4,0,1109,0.020166,53.95,0
46626_4,1,1110,0.003786,5.07,0
46628_6,0,1111,0.018277,50.08,0
46628_6,1,1112,0.012055,34.84,0
46648_1,0,1113,0.011227,31.96,0
46652_2,0,1116,0.036382,75.82,0
46652_2,1,1117,0.020964,55.35,0
46654_2,0,1118,0.017925,49.34,0
46654_2,1,1119,0.015601,44.28,0
46655_1,0,1120,0.066725,89.25,0
46655_1,1,1121,0.019163,52.18,0
46660_1,0,1122,0.010279,28.91,0
46660_1,1,1123,0.011732,33.53,0
46667_4,0,1124,0.007644,19.73,0
46667_4,1,1125,0.010526,29.61,0
46677_1,0,1126,0.004531,7.93,0
46677_1,1,1127,0.036565,76.17,0
46684_1,0,1128,0.013336,38.63,0
46684_1,1,1129,0.013302,38.47,0
46685_2,0,1130,0.007912,20.68,0
46685_2,1,1131,0.009662,26.81,0
46701_1,0,1132,0.004428,7.45,0
46701_1,1,1133,0.00869,23.27,0
46706_1,0,1134,0.045105,81.43,0
46706_1,2,1135,0.082829,92.3,1
46709_1,0,1136,0.011185,31.88,0
46709_1,1,1137,0.041546,79.08,0
46714_1,0,1138,0.01275,36.61,0
46714_1,1,1139,0.008826,23.64,0
46724_5,0,1140,0.013005,37.48,0
46724_5,1,1141,0.015143,43.04,0
46725_1,0,1142,0.048292,82.58,0
46726_4,0,1143,0.016757,46.79,0
46726_4,1,1144,0.012742,36.57,0
46732_1,0,1145,0.004686,8.44,0
46732_1,1,1146,0.00566,12.27,0
46734_1,0,1147,0.005519,11.9,0
46734_1,1,1148,0.006281,14.29,0
46745_2,0,1149,0.020438,54.49,0
46745_2,1,1150,0.039145,77.64,0
46749_4,0,1151,0.012005,34.68,0
46749_4,1,1152,0.053455,84.84,0
46755_1,0,1153,0.009529,25.99,0
46758_3,0,1154,0.021463,56.55,0
46758_3,1,1155,0.013793,39.74,0
46762_2,0,1156,0.005222,10.58,0
46762_2,1,1157,0.013647,39.13,0
46773_3,0,1158,0.013235,38.26,0
46773_3,1,1159,0.012972,37.36,0
46774_8,0,1160,0.006089,13.51,0
46774_8,1,1161,0.015884,44.93,0
46777_1,0,1162,0.080997,92.13,1
46779_4,0,1163,0.01231,35.58,0
46779_4,1,1164,0.009013,24.05,0
46782_3,0,1165,0.01186,34.02,0
46782_3,1,1166,0.004328,6.96,0
46810_8,0,1167,0.010115,28.17,0
46810_8,1,1168,0.006487,15.32,0
46827_5,0,1169,0.003904,5.4,0
46827_5,1,1170,0.00827,21.71,0
46839_1,0,1171,0.005691,12.44,0
46839_1,1,1172,0.018629,51.24,0
46850_1,0,1173,0.063756,88.47,0
46850_1,1,1174,0.014422,41.35,0
46856_1,0,1175,0.063717,88.43,0
46865_1,0,1176,0.007345,18.7,0
46865_1,1,1177,0.001824,1.07,0
46868_1,0,1178,0.038589,77.31,0
46868_1,1,1179,0.119917,95.35,1
46869_2,0,1180,0.024955,63.1,0
46869_2,1,1181,0.028762,68.16,0
46876_1,0,1182,0.038138,76.85,0
46876_1,1,1183,0.011984,34.6,0
46877_1,0,1184,0.013678,39.25,0
46877_1,1,1185,0.013877,39.95,0
46881_1,0,1186,0.012758,36.66,0
46881_1,1,1187,0.012347,35.63,0
46889_5,0,1188,0.011466,32.66,0
46889_5,1,1189,0.006198,13.88,0
46895_1,0,1190,0.018184,49.77,0
46895_1,1,1191,0.00864,22.92,0
46896_3,0,1192,0.019749,53.25,0
46896_3,1,1193,0.018562,50.99,0
46904_6,0,1194,0.017715,49.05,0
46904_6,1,1195,0.040044,78.13,0
46909_6,0,1196,0.101703,94.07,1
46909_6,1,1197,0.079267,91.93,1
46916_1,0,1198,0.084244,92.55,1
46916_1,1,1199,0.014862,42.38,0
46920_16,0,1200,0.034,73.56,0
46920_16,1,1201,0.031088,70.72,0
46921_1,0,1202,0.042844,80.15,0
46921_1,1,1203,0.027472,66.6,0
46923_2,0,1204,0.061401,87.77,0
46923_2,1,1205,0.01196,34.47,0
46946_5,0,1206,0.026024,64.95,0
46946_5,1,1207,0.00689,16.93,0
46986_2,0,1208,0.121027,95.47,1
46986_2,1,1209,0.218583,98.6,1
47003_5,0,1210,0.195672,98.15,1
47003_5,1,1211,0.012056,34.88,0
47014_4,0,1212,0.013095,37.85,0
47014_4,1,1213,0.019771,53.34,0
47017_1,0,1214,0.022758,59.1,0
47017_1,1,1215,0.005996,13.22,0
47018_1,0,1216,0.009022,24.09,0
47018_1,1,1217,0.014457,41.47,0
47019_1,0,1218,0.042442,79.7,0
47019_1,1,1219,0.007893,20.59,0
47020_1,0,1220,0.022421,58.15,0
47021_2,0,1221,0.147185,96.66,1
47021_2,1,1222,0.145616,96.62,1
47048_1,0,1224,0.040628,78.5,0
47048_1,1,1225,0.001533,0.7,0
47049_2,0,1226,0.023621,60.91,0
47049_2,1,1227,0.023456,60.75,0
47050_2,0,1228,0.025573,64.09,0
47054_1,0,1229,0.073147,90.94,1
47057_1,0,1230,0.019798,53.42,0
47080_2,0,1231,0.003659,4.72,0
47080_2,1,1232,0.007078,17.94,0
47093_1,0,1233,0.009236,24.75,0
47093_1,1,1234,0.00407,5.93,0
47099_1,0,1235,0.003326,3.95,0
47099_1,1,1236,0.011956,34.43,0
47107_1,0,1237,0.057421,86.29,0
47117_1,0,1238,0.015763,44.73,0
47124_2,0,1239,0.020639,54.7,0
47124_2,1,1240,0.014798,42.17,0
47128_1,0,1241,0.172736,97.65,1
47128_1,1,1242,0.083384,92.38,1
47138_2,0,1246,0.138925,96.38,1
47140_1,0,1247,0.045842,81.75,0
47140_1,1,1248,0.017667,48.93,0
47145_1,0,1249,0.00567,12.36,0
47145_1,1,1250,0.044656,81.18,0
47151_2,0,1251,0.253026,98.97,1
47153_3,0,1252,0.008894,23.72,0
47153_3,1,1253,0.008349,21.99,0
47168_5,0,1254,0.068452,89.83,0
47168_5,1,1255,0.041583,79.12,0
47186_5,0,1256,0.002106,1.52,0
47186_5,1,1257,0.005327,11.12,0
47193_2,0,1258,0.008275,21.75,0
47193_2,1,1259,0.011446,32.58,0
47194_1,0,1260,0.016691,46.66,0
47194_1,1,1261,0.023149,59.8,0
47223_1,0,1262,0.00714,18.04,0
47223_1,1,1263,0.011905,34.27,0
47224_2,0,1264,0.067669,89.58,0
47224_2,1,1265,0.020981,55.44,0
47227_5,0,1266,0.019231,52.39,0
47227_5,1,1267,0.021301,56.05,0
47234_2,0,1268,0.144105,96.54,1
47234_2,1,1269,0.029211,68.7,0
47239_1,0,1270,0.004735,8.73,0
47239_1,1,1271,0.014716,41.97,0
47243_15,0,1272,0.026304,65.28,0
47243_15,1,1273,0.005442,11.57,0
47248_1,0,1274,0.067201,89.5,0
47248_1,1,1275,0.174647,97.69,1
47251_1,0,1276,0.004506,7.83,0
47251_1,1,1277,0.004308,6.67,0
47257_5,0,1278,0.012812,36.86,0
47257_5,1,1279,0.003955,5.6,0
47272_4,0,1280,0.027494,66.64,0
47276_4,0,1282,0.007927,20.72,0
47278_3,0,1283,0.025091,63.43,0
47278_3,1,1284,0.017247,48.19,0
47279_1,0,1285,0.024627,62.56,0
47287_3,0,1286,0.024297,61.9,0
47287_3,1,1287,0.040228,78.34,0
47288_2,0,1288,0.069221,90.2,1
47295_5,0,1289,0.022748,59.06,0
47295_5,1,1290,0.016171,45.47,0
47300_4,0,1291,0.039868,78.05,0
47300_4,1,1292,0.068844,90.07,1
47315_4,0,1293,0.078327,91.8,1
47316_1,0,1294,0.027408,66.52,0
47316_1,1,1295,0.01888,51.77,0
47320_6,0,1296,0.037647,76.61,0
47320_6,1,1297,0.007275,18.41,0
47321_4,0,1298,0.023424,60.67,0
47321_4,1,1299,0.01747,48.56,0
47326_5,0,1300,0.007471,18.99,0
47326_5,1,1301,0.023936,61.37,0
47327_1,0,1302,0.005398,11.41,0
47327_1,1,1303,0.017268,48.35,0
47341_1,0,1304,0.110816,94.65,1
47346_1,0,1305,0.010312,28.95,0
47346_1,1,1306,0.025689,64.37,0
47347_3,0,1307,0.051794,84.27,0
47347_3,1,1308,0.105327,94.4,1
47370_1,0,1309,0.054686,85.46,0
47370_1,1,1310,0.039788,77.97,0
47372_7,0,1311,0.07857,91.89,1
47372_7,1,1312,0.050986,83.73,0
47376_13,0,1313,0.054815,85.5,0
47396_1,0,1314,0.023316,60.38,0
47396_1,1,1315,0.011758,33.61,0
47403_2,0,1316,0.030929,70.59,0
47403_2,1,1317,0.006502,15.49,0
47415_3,0,1318,0.080258,92.09,1
47419_1,0,1319,0.030779,70.39,0
47419_1,1,1320,0.013476,38.84,0
47423_1,0,1321,0.052887,84.6,0
47423_1,1,1322,0.337978,99.84,1
47427_1,0,1323,0.007824,20.47,0
47427_1,1,1324,0.018063,49.51,0
47436_4,0,1325,0.010181,28.42,0
47436_4,1,1326,0.015969,45.26,0
47437_4,1,1328,0.039307,77.76,0
47438_1,0,1329,0.013041,37.6,0
47438_1,1,1330,0.008582,22.82,0
47453_1,0,1331,0.034296,73.76,0
47453_1,1,1332,0.009894,27.43,0
47458_9,0,1333,0.012944,37.27,0
47458_9,1,1334,0.010089,28.05,0
47466_1,0,1335,0.029911,69.4,0
47466_1,1,1336,0.057748,86.45,0
47478_7,0,1337,0.02532,63.8,0
47478_7,1,1338,0.009237,24.79,0
47479_6,0,1339,0.00439,7.23,0
47479_6,1,1340,0.009481,25.76,0
47485_5,0,1341,0.012502,35.96,0
47487_2,0,1342,0.116117,95.02,1
47501_2,0,1343,0.003341,4.0,0
47501_2,1,1344,0.005534,11.94,0
47514_5,0,1345,0.031546,71.5,0
47514_5,1,1346,0.049684,83.15,0
47519_1,0,1347,0.020688,54.82,0
47519_1,1,1348,0.002959,3.09,0
47523_1,0,1349,0.004951,9.64,0
47523_1,1,1350,0.068158,89.74,0
47525_3,1,1351,0.032482,72.03,0
47531_5,0,1352,0.020039,53.83,0
47531_5,1,1353,0.026669,65.65,0
47534_1,0,1354,0.034071,73.6,0
47534_1,1,1355,0.205546,98.39,1
47535_3,0,1356,0.034964,74.42,0
47535_3,1,1357,0.012604,36.24,0
47544_2,0,1358,0.013033,37.56,0
47544_2,1,1359,0.001456,0.66,0
47548_1,0,1360,0.034441,73.93,0
47548_1,1,1361,0.045553,81.67,0
47565_1,0,1363,0.011614,33.15,0
47565_1,1,1364,0.02291,59.35,0
47570_1,0,1365,0.04373,80.72,0
47570_1,1,1366,0.024932,63.01,0
47576_1,0,1367,0.005475,11.7,0
47576_1,1,1368,0.004416,7.29,0
47582_8,0,1369,0.008741,23.43,0
47582_8,1,1370,0.01056,29.86,0
47587_2,0,1371,0.023348,60.52,0
47589_2,0,1372,0.04154,79.04,0
47591_2,0,1373,0.020847,55.19,0
47591_2,1,1374,0.028925,68.29,0
47594_1,0,1375,0.020377,54.32,0
47594_1,1,1376,0.013081,37.77,0
47599_1,0,1377,0.009595,26.36,0
47614_1,0,1378,0.01434,41.02,0
47614_1,1,1379,0.026532,65.49,0
47619_1,0,1380,0.121455,95.61,1
47619_1,1,1381,0.059409,87.01,0
47631_4,0,1382,0.042538,79.86,0
47631_4,1,1383,0.015346,43.66,0
47636_1,0,1384,0.072749,90.9,1
47642_2,0,1385,0.06578,88.92,0
47642_2,1,1386,0.011937,34.35,0
47645_5,0,1387,0.036336,75.7,0
47645_5,1,1388,0.019121,52.14,0
47646_1,0,1389,0.007814,20.43,0
47646_1,1,1390,0.005362,11.2,0
47649_1,0,1391,0.025904,64.7,0
47649_1,1,1392,0.15626,96.83,1
47658_6,0,1393,0.12831,96.0,1
47658_6,1,1394,0.018215,49.96,0
47666_2,0,1395,0.017488,48.64,0
47666_2,1,1396,0.002967,3.17,0
47672_4,0,1397,0.017245,48.15,0
47672_4,1,1398,0.013256,38.34,0
47674_2,0,1399,0.001062,0.21,0
47674_2,1,1400,0.010433,29.37,0
47679_3,0,1401,0.077457,91.68,1
47679_3,1,1402,0.007901,20.63,0
47681_1,0,1403,0.06887,90.12,1
47693_2,0,1404,0.012208,35.42,0
47693_2,1,1405,0.004204,6.3,0
47695_4,0,1406,0.05104,83.81,0
47695_4,1,1407,0.046312,81.88,0
47703_2,0,1408,0.02106,55.48,0
47703_2,1,1409,0.028974,68.45,0
47716_1,0,1410,0.028083,67.46,0
47716_1,1,1411,0.029434,68.82,0
47717_1,0,1412,0.007703,20.1,0
47717_1,1,1413,0.002825,2.72,0
47719_1,0,1414,0.030756,70.35,0
47719_1,1,1415,0.157145,96.99,1
47733_3,0,1416,0.005188,10.46,0
47733_3,1,1417,0.009143,24.51,0
47735_2,0,1418,0.076557,91.47,1
47735_2,1,1419,0.013041,37.64,0
47739_3,0,1420,0.289594,99.42,1
47739_3,1,1421,0.235439,98.81,1
47744_1,0,1422,0.156269,96.87,1
47760_1,0,1424,0.02181,57.0,0
47779_3,0,1425,0.020128,53.91,0
47779_3,1,1426,0.026707,65.69,0
47789_2,0,1427,0.007075,17.87,0
47789_2,1,1428,0.014281,40.94,0
47790_1,0,1429,0.033764,73.27,0
47790_1,1,1430,0.008677,23.11,0
47794_1,0,1431,0.017137,47.84,0
47794_1,1,1432,0.026519,65.38,0
47795_3,0,1433,0.076963,91.56,1
47808_1,0,1434,0.013805,39.79,0
47808_1,1,1435,0.029638,69.07,0
47811_1,0,1436,0.007045,17.75,0
47811_1,1,1437,0.029772,69.28,0
47814_1,0,1438,0.014519,41.54,0
47814_1,1,1439,0.035183,74.69,0
47816_1,0,1440,0.034805,74.18,0
47816_1,1,1441,0.008283,21.87,0
47818_3,0,1442,0.023562,60.87,0
47818_3,1,1443,0.038361,77.14,0
47827_2,0,1444,0.042559,79.94,0
47827_2,1,1445,0.05854,86.82,0
47828_3,0,1446,0.020447,54.53,0
47828_3,1,1447,0.010607,30.07,0
47829_1,0,1448,0.031389,71.17,0
47839_8,0,1449,0.011795,33.65,0
47839_8,1,1450,0.00743,18.9,0
47861_2,0,1451,0.027215,66.06,0
47861_2,1,1452,0.007329,18.62,0
47866_1,0,1453,0.005959,13.14,0
47866_1,1,1454,0.004204,6.34,0
47870_1,0,1455,0.053081,84.72,0
47871_1,0,1456,0.054658,85.38,0
47876_2,0,1457,0.007628,19.69,0
47876_2,1,1458,0.002715,2.43,0
47877_2,0,1459,0.011366,32.45,0
47877_2,1,1460,0.02184,57.08,0
47878_2,0,1461,0.020296,54.16,0
47878_2,1,1462,0.064685,88.71,0
47881_2,0,1463,0.01267,36.29,0
47881_2,1,1464,0.022091,57.45,0
47886_2,0,1465,0.039167,77.68,0
47886_2,1,1466,0.007585,19.52,0
47901_8,0,1467,0.034156,73.64,0
47901_8,1,1468,0.006831,16.64,0
47910_3,0,1470,0.044363,80.97,0
47910_3,1,1471,0.016448,46.17,0
47910_3,2,1472,0.044624,81.05,0
47919_1,0,1473,0.025684,64.33,0
47921_3,0,1474,0.054518,85.3,0
47921_3,1,1475,0.053147,84.76,0
47922_3,0,1476,0.004716,8.57,0
47922_3,1,1477,0.006368,14.74,0
47935_1,0,1478,0.103502,94.19,1
47935_1,1,1479,0.035883,75.37,0
47940_1,0,1480,0.025909,64.74,0
47940_1,1,1481,0.013759,39.54,0
47940_1,2,1482,0.059591,87.11,0
47942_2,1,1483,0.051227,83.94,0
47944_2,0,1484,0.004256,6.55,0
47944_2,1,1485,0.024269,61.86,0
47946_1,0,1486,0.019237,52.43,0
47946_1,1,1487,0.009552,26.24,0
47950_3,0,1488,0.027418,66.56,0
47950_3,1,1489,0.021362,56.14,0
47959_1,0,1490,0.033775,73.31,0
47966_1,0,1491,0.012694,36.41,0
47966_1,1,1492,0.004697,8.48,0
47969_5,0,1493,0.159949,97.03,1
47969_5,1,1494,0.009649,26.69,0
47977_1,0,1495,0.037476,76.36,0
47977_1,1,1496,0.00848,22.41,0
47987_1,0,1497,0.004652,8.4,0
47987_1,1,1498,0.014804,42.22,0
47991_2,0,1499,0.013269,38.39,0
47991_2,1,1500,0.047599,82.25,0
48001_1,0,1501,0.083074,92.34,1
48001_1,1,1502,0.071964,90.65,1
48004_12,0,1503,0.004605,8.24,0
48004_12,1,1504,0.006222,14.09,0
48007_1,0,1505,0.012248,35.5,0
48007_1,1,1506,0.03927,77.72,0
48020_1,0,1508,0.048467,82.62,0
48020_1,1,1509,0.029104,68.62,0
48023_6,0,1510,0.009887,27.39,0
48023_6,1,1511,0.024995,63.22,0
48027_1,0,1512,0.069096,90.16,1
48030_3,0,1513,0.087656,92.87,1
48031_1,0,1514,0.006988,17.42,0
48031_1,1,1515,0.017439,48.48,0
48033_1,1,1516,0.051279,83.98,0
48035_1,0,1517,0.010994,31.22,0
48037_7,0,1518,0.028756,68.12,0
48037_7,1,1519,0.011634,33.2,0
48046_2,0,1520,0.063613,88.26,0
48054_13,0,1521,0.003301,3.79,0
48054_13,1,1522,0.004331,7.0,0
48059_1,0,1523,0.030838,70.47,0
48059_1,1,1524,0.027604,66.85,0
48059_1,2,1525,0.032694,72.32,0
48059_1,3,1526,0.022735,58.98,0
48059_1,4,1527,0.050329,83.53,0
48059_1,5,1528,0.058486,86.78,0
48063_1,0,1529,0.021255,55.89,0
48063_1,1,1530,0.022249,57.74,0
48068_1,0,1531,0.21571,98.56,1
48068_1,1,1532,0.004806,8.98,0
48074_1,1,1534,0.024534,62.27,0
48079_1,0,1535,0.022655,58.77,0
48079_1,1,1536,0.008699,23.31,0
48081_1,0,1537,0.015155,43.16,0
48081_1,1,1538,0.014929,42.63,0
48093_4,0,1539,0.069421,90.28,1
48093_4,1,1540,0.033999,73.52,0
48102_2,0,1541,0.014011,40.24,0
48102_2,1,1542,0.005062,10.09,0
48103_8,0,1543,0.073584,90.98,1
48103_8,1,1544,0.007201,18.29,0
48104_1,0,1545,0.046375,81.92,0
48104_1,1,1546,0.028297,67.71,0
48105_1,0,1547,0.014982,42.79,0
48105_1,1,1548,0.017054,47.53,0
48105_1,2,1549,0.207002,98.43,1
48106_2,0,1550,0.050072,83.44,0
48106_2,1,1551,0.024976,63.18,0
48106_2,2,1552,0.043132,80.44,0
48115_1,0,1554,0.021452,56.51,0
48115_1,1,1555,0.041003,78.67,0
48122_3,0,1556,0.012804,36.82,0
48122_3,1,1557,0.005627,12.19,0
48141_1,0,1558,0.111384,94.69,1
48141_1,1,1559,0.009654,26.77,0
48143_1,0,1560,0.016411,46.0,0
48144_3,0,1562,0.012821,36.9,0
48144_3,1,1563,0.001811,1.03,0
48148_1,0,1564,0.004045,5.89,0
48148_1,1,1565,0.021811,57.04,0
48154_2,0,1566,0.010263,28.83,0
48154_2,1,1567,0.006396,14.87,0
48163_1,0,1568,0.045277,81.55,0
48163_1,1,1569,0.077428,91.64,1
48175_2,0,1570,0.0077,20.02,0
48175_2,1,1571,0.03271,72.36,0
48176_1,0,1572,0.061409,87.81,0
48181_4,0,1574,0.026106,65.07,0
48181_4,1,1575,0.02226,57.78,0
48183_1,0,1576,0.020072,53.87,0
48183_1,1,1577,0.041337,78.83,0
48187_3,0,1578,0.012583,36.2,0
48187_3,1,1579,0.011827,33.73,0
48208_3,0,1580,0.008453,22.36,0
48208_3,1,1581,0.010387,29.2,0
48209_1,0,1582,0.130084,96.09,1
48209_1,1,1583,0.073817,91.19,1
48225_8,0,1584,0.004963,9.68,0
48225_8,1,1585,0.006301,14.42,0
48233_1,0,1586,0.044066,80.85,0
48233_1,1,1587,0.006496,15.44,0
48238_3,0,1588,0.005512,11.86,0
48238_3,1,1589,0.018574,51.07,0
48240_5,0,1590,0.006638,16.19,0
48240_5,1,1591,0.005312,11.0,0
48247_1,0,1593,0.005083,10.21,0
48247_1,1,1594,0.00131,0.33,0
48248_1,0,1595,0.014766,42.09,0
48253_2,0,1596,0.087478,92.83,1
48260_1,0,1597,0.022151,57.54,0
48260_1,1,1598,0.012974,37.4,0
48263_10,0,1599,0.033046,72.61,0
48263_10,1,1600,0.01838,50.45,0
48265_1,0,1601,0.009116,24.38,0
48265_1,1,1602,0.00984,27.14,0
48281_2,0,1603,0.12048,95.39,1
48281_2,1,1604,0.007699,19.98,0
48282_4,0,1605,0.0053,10.87,0
48282_4,1,1606,0.012892,37.11,0
48292_3,0,1607,0.021431,56.38,0
48292_3,1,1608,0.032243,71.87,0
48292_3,2,1609,0.022963,59.56,0
48293_2,0,1610,0.012263,35.54,0
48293_2,1,1611,0.037528,76.4,0
48294_3,0,1612,0.0096,26.44,0
48294_3,1,1613,0.030219,69.89,0
48298_2,0,1614,0.014004,40.18,0
48298_2,1,1615,0.055125,85.61,0
48302_2,0,1616,0.034383,73.89,0
48305_2,0,1617,0.016497,46.25,0
48305_2,1,1618,0.062178,87.89,0
48311_1,0,1619,0.021658,56.84,0
48312_2,0,1620,0.010817,30.56,0
48314_5,0,1621,0.008257,21.66,0
48314_5,1,1622,0.008661,23.06,0
48331_1,0,1624,0.04309,80.4,0
48347_1,0,1627,0.057946,86.53,0
48361_1,0,1628,0.04211,79.37,0
48361_1,1,1629,0.017511,48.72,0
48367_1,0,1630,0.006749,16.56,0
48367_1,1,1631,0.005243,10.75,0
48371_2,0,1632,0.084829,92.71,1
48371_2,1,1633,0.04085,78.58,0
48374_1,0,1634,0.002313,1.87,0
48374_1,1,1635,0.005791,12.87,0
48375_3,0,1636,0.263834,99.14,1
48379_1,0,1637,0.028676,68.0,0
48379_1,1,1638,0.029597,68.99,0
48380_1,0,1639,0.010476,29.45,0
48380_1,1,1640,0.109075,94.56,1
48382_4,0,1641,0.009453,25.58,0
48389_3,0,1642,0.005738,12.58,0
48389_3,1,1643,0.003675,4.8,0
48397_1,0,1644,0.001379,0.41,0
48397_1,1,1645,0.021277,55.97,0
48401_5,0,1646,0.17013,97.45,1
48410_4,0,1647,0.058307,86.7,0
48410_4,1,1648,0.010344,29.12,0
48414_1,0,1649,0.044287,80.93,0
48427_9,0,1650,0.002503,1.98,0
48427_9,1,1651,0.004465,7.58,0
48433_1,0,1652,0.018142,49.63,0
48433_1,1,1653,0.02315,59.84,0
48437_6,0,1654,0.00828,21.79,0
48437_6,1,1655,0.017118,47.73,0
48439_3,0,1656,0.021409,56.26,0
48439_3,1,1657,0.026267,65.24,0
48445_1,0,1658,0.033794,73.35,0
48445_1,1,1659,0.001655,0.86,0
48451_1,0,1660,0.025189,63.55,0
48451_1,1,1661,0.033191,72.73,0
48459_1,0,1662,0.006277,14.25,0
48459_1,1,1663,0.015195,43.33,0
48460_5,0,1664,0.013377,38.71,0
48460_5,1,1665,0.069424,90.32,1
48464_7,0,1666,0.010256,28.79,0
48464_7,1,1667,0.033898,73.43,0
48465_3,0,1668,0.018891,51.83,0
48465_3,1,1669,0.011892,34.16,0
48469_2,0,1670,0.022455,58.24,0
48469_2,1,1671,0.034293,73.72,0
48476_1,0,1672,0.011595,33.03,0
48476_1,1,1673,0.003852,5.31,0
48483_2,0,1674,0.010729,30.31,0
48494_3,0,1675,0.004324,6.92,0
48494_3,1,1676,0.040304,78.38,0
48503_2,0,1677,0.016396,45.88,0
48503_2,1,1678,0.023331,60.42,0
48503_2,2,1679,0.023156,59.93,0
48503_2,3,1680,0.022902,59.31,0
48504_1,0,1681,0.036408,75.91,0
48509_1,0,1682,0.031083,70.68,0
48509_1,1,1683,0.018775,51.65,0
48510_5,0,1684,0.075196,91.39,1
48510_5,1,1685,0.01771,49.01,0
48512_2,0,1686,0.012117,35.09,0
48512_2,1,1687,0.01014,28.29,0
48514_2,0,1688,0.044759,81.26,0
48515_4,0,1689,0.032466,71.99,0
48515_4,1,1690,0.021234,55.81,0
48517_1,0,1691,0.010989,31.18,0
48517_1,1,1692,0.001338,0.37,0
48524_7,0,1693,0.115713,94.98,1
48537_1,0,1694,0.033333,72.94,0
48539_5,0,1695,0.035234,74.84,0
48539_5,1,1696,0.027839,67.3,0
48542_12,0,1697,0.012783,36.74,0
48542_12,1,1698,0.028584,67.92,0
48547_6,0,1699,0.025464,63.96,0
48547_6,1,1700,0.02582,64.58,0
48548_2,0,1701,0.059561,87.07,0
48548_2,1,1702,0.010543,29.65,0
48563_1,0,1703,0.021144,55.56,0
48563_1,1,1704,0.017737,49.09,0
48573_1,0,1705,0.008926,23.85,0
48575_1,0,1706,0.048145,82.45,0
48587_3,0,1707,0.018393,50.49,0
48587_3,1,1708,0.014359,41.1,0
48593_4,0,1709,0.025341,63.84,0
48593_4,1,1710,0.023666,61.0,0
48602_1,0,1711,0.049994,83.38,0
48602_1,1,1712,0.060924,87.54,0
48608_10,0,1713,0.015634,44.36,0
48618_1,0,1714,0.028388,67.83,0
48618_1,1,1715,0.031504,71.38,0
48624_1,0,1716,0.038448,77.22,0
48624_1,1,1717,0.010871,30.72,0
48635_1,0,1718,0.030305,69.98,0
48635_1,1,1719,0.018426,50.54,0
48638_2,0,1720,0.022066,57.41,0
48638_2,1,1721,0.036507,76.11,0
48639_2,0,1722,0.04957,83.07,0
48639_2,1,1723,0.032936,72.53,0
48642_10,0,1724,0.017077,47.65,0
48642_10,1,1725,0.054361,85.21,0
48646_1,0,1726,0.02291,59.39,0
48651_2,0,1727,0.046615,82.0,0
48651_2,1,1728,0.025225,63.59,0
48652_3,0,1729,0.027614,66.89,0
48652_3,1,1730,0.031437,71.21,0
48654_1,0,1731,0.009877,27.31,0
48654_1,1,1732,0.004181,6.22,0
48658_1,0,1733,0.165669,97.28,1
48658_1,1,1734,0.190248,98.02,1
48659_2,0,1735,0.021605,56.8,0
48659_2,1,1736,0.013755,39.5,0
48660_8,0,1737,0.031517,71.46,0
48660_8,1,1738,0.035874,75.33,0
48669_1,0,1739,0.0212,55.64,0
48669_1,1,1740,0.015213,43.41,0
48673_3,0,1741,0.03903,77.59,0
48683_1,0,1744,0.034665,74.09,0
48683_1,1,1745,0.017004,47.45,0
48687_3,0,1746,0.01509,42.87,0
48687_3,1,1747,0.018648,51.28,0
48695_7,0,1748,0.006025,13.43,0
48695_7,1,1749,0.004595,8.2,0
48697_2,0,1750,0.006182,13.8,0
48697_2,1,1751,0.015145,43.08,0
48718_4,0,1752,0.178801,97.73,1
48718_4,1,1753,0.02794,67.34,0
48720_1,0,1754,0.038669,77.39,0
48720_1,1,1755,0.068134,89.66,0
48724_2,0,1756,0.008002,20.84,0
48724_2,1,1757,0.005051,10.05,0
48733_5,0,1758,0.014267,40.9,0
48733_5,1,1759,0.008215,21.5,0
48744_1,0,1760,0.02391,61.33,0
48744_1,1,1761,0.01665,46.54,0
48746_2,0,1762,0.092519,93.29,1
48746_2,1,1763,0.00862,22.86,0
48754_4,0,1764,0.022972,59.6,0
48754_4,1,1765,0.01349,38.88,0
48762_1,0,1766,0.067356,89.54,0
48762_1,1,1767,0.009026,24.14,0
48763_3,0,1768,0.00762,19.65,0
48763_3,1,1769,0.005421,11.53,0
48769_2,0,1770,0.001135,0.25,0
48769_2,1,1771,0.009318,25.29,0
48771_2,0,1772,0.010223,28.62,0
48771_2,1,1773,0.002559,2.02,0
48783_3,0,1774,0.034987,74.46,0
48787_1,0,1775,0.083996,92.5,1
48787_1,1,1776,0.009946,27.59,0
48802_1,0,1777,0.008062,20.92,0
48802_1,1,1778,0.006878,16.89,0
48809_3,0,1779,0.00706,17.79,0
48809_3,1,1780,0.013904,39.99,0
48816_4,0,1781,0.005938,13.06,0
48816_4,1,1782,0.006138,13.59,0
48817_5,0,1783,0.123775,95.72,1
48817_5,1,1784,0.227423,98.68,1
48821_5,0,1785,0.210598,98.48,1
48826_1,0,1787,0.00594,13.1,0
48826_1,1,1788,0.031313,71.13,0
48834_2,0,1789,0.142826,96.42,1
48834_2,1,1790,0.123879,95.76,1
48835_5,0,1791,0.028892,68.25,0
48840_5,0,1792,0.014335,40.98,0
48840_5,1,1793,0.007582,19.48,0
48842_6,0,1794,0.042943,80.23,0
48842_6,1,1795,0.011656,33.24,0
48844_1,0,1796,0.015154,43.12,0
48851_1,0,1797,0.016404,45.96,0
48851_1,1,1798,0.031222,70.96,0
48852_1,0,1799,0.024886,62.93,0
48853_1,1,1800,0.032543,72.2,0
48853_1,2,1801,0.024237,61.7,0
48858_1,0,1802,0.020177,54.0,0
48858_1,1,1803,0.00531,10.91,0
48859_3,0,1804,0.06705,89.46,0
48859_3,1,1805,0.041453,78.95,0
48859_3,2,1806,0.015737,44.69,0
48863_2,0,1807,0.019439,52.76,0
48867_2,0,1808,0.061309,87.69,0
48890_1,0,1809,0.005043,10.01,0
48890_1,1,1810,0.014256,40.82,0
48911_7,0,1811,0.042972,80.27,0
48917_4,0,1812,0.00742,18.82,0
48917_4,1,1813,0.005396,11.37,0
48933_2,0,1814,0.148614,96.75,1
48952_2,0,1815,0.004362,7.13,0
48952_2,1,1816,0.013769,39.62,0
48970_4,0,1817,0.011842,33.83,0
48970_4,1,1818,0.009008,23.99,0
48973_5,0,1819,0.154053,96.79,1
48973_5,1,1820,0.181247,97.78,1
48979_1,0,1821,0.099796,93.88,1
48980_4,0,1822,0.052882,84.56,0
48980_4,1,1823,0.020433,54.45,0
48986_4,0,1824,0.022376,58.03,0
48993_1,0,1825,0.007668,19.89,0
48993_1,1,1826,0.007514,19.11,0
49000_8,0,1827,0.005502,11.78,0
49000_8,1,1828,0.026419,65.32,0
49001_5,0,1829,0.009247,24.88,0
49001_5,1,1830,0.009934,27.51,0
49006_2,0,1831,0.004233,6.47,0
49006_2,1,1832,0.029618,69.03,0
49017_2,0,1833,0.019875,53.64,0
49017_2,1,1834,0.010553,29.72,0
49042_1,0,1835,0.017128,47.78,0
49042_1,1,1836,0.011659,33.28,0
49045_2,0,1837,0.032864,72.41,0
49048_3,0,1838,0.032562,72.24,0
49048_3,1,1839,0.003961,5.64,0
49052_1,0,1840,0.011058,31.51,0
49053_3,0,1841,0.05146,84.14,0
49053_3,1,1842,0.017002,47.41,0
49055_4,0,1843,0.06866,89.95,0
49060_1,0,1844,0.012241,35.46,0
49060_1,1,1845,0.023997,61.41,0
49066_5,0,1846,0.059607,87.15,0
49066_5,1,1847,0.02369,61.04,0
49067_9,0,1848,0.009106,24.34,0
49067_9,1,1849,0.037574,76.44,0
49070_2,0,1850,0.018456,50.7,0
49070_2,1,1851,0.015943,45.14,0
49073_1,0,1852,0.030132,69.69,0
49073_1,1,1853,0.021519,56.63,0
49085_1,0,1854,0.014681,41.89,0
49091_1,0,1855,0.039964,78.09,0
49091_1,1,1856,0.071105,90.4,1
49098_4,0,1857,0.009674,26.85,0
49098_4,1,1858,0.008737,23.39,0
49106_6,0,1859,0.033264,72.9,0
49106_6,1,1860,0.00558,12.07,0
49123_5,0,1861,0.004427,7.41,0
49123_5,1,1862,0.007668,19.93,0
49124_2,0,1863,0.05529,85.71,0
49125_1,0,1864,0.05649,86.04,0
49126_3,0,1865,0.004802,8.94,0
49126_3,1,1866,0.011347,32.41,0
49127_2,0,1867,0.057793,86.49,0
49132_1,0,1868,0.011,31.26,0
49132_1,1,1869,0.012024,34.76,0
49133_2,0,1870,0.016647,46.5,0
49133_2,1,1871,0.003947,5.56,0
49138_2,0,1872,0.036075,75.45,0
49138_2,1,1873,0.023373,60.58,0
49140_4,0,1874,0.032879,72.45,0
49140_4,1,1875,0.004766,8.86,0
49143_1,0,1876,0.010408,29.28,0
49144_1,0,1877,0.021754,56.92,0
49147_3,0,1878,0.021271,55.93,0
49147_3,1,1879,0.023077,59.68,0
49150_2,0,1880,0.018083,49.55,0
49155_2,0,1882,0.113586,94.93,1
49155_2,1,1883,0.009905,27.47,0
49160_1,0,1884,0.035385,74.88,0
49160_1,1,1885,0.066806,89.29,0
49165_2,0,1886,0.085267,92.75,1
49165_2,1,1887,0.002664,2.35,0
49167_7,0,1888,0.007324,18.57,0
49167_7,1,1889,0.014635,41.85,0
49168_9,0,1890,0.104127,94.28,1
49168_9,1,1891,0.004833,9.02,0
49174_3,0,1892,0.009267,25.0,0
49174_3,1,1893,0.006333,14.7,0
49175_1,0,1894,0.065563,88.88,0
49176_5,0,1895,0.022736,59.02,0
49176_5,1,1896,0.013186,38.06,0
49177_4,0,1897,0.064209,88.67,0
49177_4,1,1898,0.018496,50.78,0
49178_11,0,1899,0.014247,40.73,0
49182_4,0,1901,0.070415,90.36,1
49195_1,0,1902,0.02739,66.47,0
49197_1,0,1903,0.007157,18.12,0
49197_1,1,1904,0.035057,74.55,0
49203_1,0,1905,0.03766,76.65,0
49203_1,1,1906,0.015094,42.92,0
49204_2,0,1907,0.012462,35.83,0
49204_2,1,1908,0.004482,7.66,0
49205_1,0,1909,0.011015,31.34,0
49205_1,1,1910,0.008026,20.88,0
49221_1,0,1911,0.026948,65.9,0
49224_5,0,1913,0.011813,33.69,0
49224_5,1,1914,0.028472,67.87,0
49228_4,0,1915,0.010683,30.19,0
49228_4,1,1916,0.004234,6.51,0
49229_2,0,1917,0.019534,53.05,0
49229_2,1,1918,0.026241,65.2,0
49233_2,0,1919,0.022643,58.71,0
49233_2,1,1920,0.01685,47.06,0
49234_2,0,1921,0.033381,72.98,0
49234_2,1,1922,0.028369,67.79,0
49236_1,0,1923,0.049418,82.99,0
49236_1,1,1924,0.028979,68.49,0
49240_14,0,1925,0.033261,72.86,0
49240_14,1,1926,0.015707,44.52,0
49245_3,0,1927,0.022657,58.81,0
49245_3,1,1928,0.009413,25.45,0
49250_4,0,1929,0.295943,99.46,1
49250_4,1,1930,0.056593,86.12,0
49254_8,0,1931,0.024419,62.03,0
49254_8,1,1932,0.0199,53.71,0
49255_7,0,1933,0.036188,75.66,0
49255_7,1,1934,0.03833,77.1,0
49268_1,0,1935,0.014034,40.32,0
49268_1,1,1936,0.008113,21.21,0
49269_2,0,1937,0.010115,28.13,0
49269_2,1,1938,0.011021,31.43,0
49286_1,0,1939,0.013827,39.87,0
49286_1,1,1940,0.012545,36.08,0
49289_3,0,1941,0.02976,69.19,0
49289_3,1,1942,0.034256,73.68,0
49291_1,0,1943,0.00461,8.28,0
49291_1,1,1944,0.006202,13.92,0
49293_4,0,1945,0.01023,28.67,0
49294_3,0,1946,0.0653,88.8,0
49294_3,1,1947,0.025303,63.76,0
49295_2,0,1948,0.011238,32.04,0
49295_2,1,1949,0.007276,18.45,0
49309_1,0,1950,0.015467,43.95,0
49309_1,1,1951,0.144922,96.58,1
49321_5,0,1954,0.011518,32.74,0
49321_5,1,1955,0.009538,26.11,0
49322_1,0,1956,0.038856,77.51,0
49322_1,1,1957,0.027249,66.19,0
49338_1,0,1958,0.067028,89.39,0
49342_1,0,1959,0.023721,61.08,0
49342_1,1,1960,0.01272,36.49,0
49343_4,0,1961,0.006272,14.21,0
49343_4,1,1962,0.004569,8.11,0
49351_1,0,1963,0.009643,26.65,0
49351_1,1,1964,0.021331,56.1,0
49353_1,0,1965,0.054253,85.15,0
49355_1,0,1966,0.061114,87.64,0
49359_3,0,1967,0.019694,53.17,0
49363_1,0,1968,0.019058,52.06,0
49363_1,1,1969,0.037342,76.32,0
49364_3,0,1970,0.054609,85.34,0
49364_3,1,1971,0.001761,0.95,0
49372_10,0,1972,0.003792,5.15,0
49372_10,1,1973,0.003796,5.19,0
49377_2,0,1974,0.118483,95.14,1
49385_1,0,1975,0.001451,0.58,0
49385_1,1,1976,0.004906,9.35,0
49387_1,0,1977,0.021867,57.17,0
49387_1,1,1978,0.032401,71.91,0
49387_1,2,1979,0.058175,86.61,0
49402_2,0,1981,0.041297,78.75,0
49402_2,1,1982,0.010667,30.15,0
49408_1,0,1983,0.02894,68.41,0
49408_1,1,1984,0.015592,44.23,0
49431_1,0,1985,0.025846,64.62,0
49431_1,1,1986,0.12677,95.96,1
49435_4,0,1987,0.004931,9.47,0
49435_4,1,1988,0.009469,25.66,0
49444_5,0,1989,0.025475,64.0,0
49444_5,1,1990,0.009565,26.32,0
49456_4,0,1991,0.043432,80.56,0
49456_4,1,1992,0.004942,9.56,0
49474_1,0,1993,0.009286,25.12,0
49478_1,0,1994,0.405707,99.92,1
49484_4,0,1995,0.005818,12.93,0
49484_4,1,1996,0.029412,68.78,0
49484_4,2,1997,0.027375,66.31,0
49490_5,0,1998,0.019227,52.31,0
49493_12,0,1999,0.002858,2.92,0
49493_12,1,2000,0.009079,24.3,0
49509_2,0,2001,0.013848,39.91,0
49509_2,1,2002,0.019249,52.47,0
49515_5,0,2003,0.166017,97.32,1
49516_1,0,2004,0.113172,94.85,1
49516_1,1,2005,0.257199,99.01,1
49520_2,0,2006,0.010456,29.41,0
49520_2,1,2007,0.004919,9.39,0
49523_1,0,2008,0.005833,12.97,0
49523_1,1,2009,0.006208,14.0,0
49526_1,0,2010,0.003468,4.37,0
49526_1,1,2011,0.129854,96.05,1
49527_2,0,2012,0.024514,62.23,0
49527_2,1,2013,0.0195,52.92,0
49532_1,0,2014,0.004417,7.33,0
49532_1,1,2015,0.022451,58.2,0
49534_1,0,2016,0.023538,60.83,0
49536_6,0,2017,0.014351,41.06,0
49536_6,1,2018,0.008357,22.08,0
49539_2,0,2019,0.020351,54.2,0
49539_2,1,2020,0.006742,16.47,0
49543_1,0,2021,0.045335,81.59,0
49543_1,1,2022,0.008924,23.81,0
49547_5,0,2023,0.041716,79.2,0
49547_5,1,2024,0.048205,82.54,0
49548_1,0,2025,0.005405,11.45,0
49548_1,1,2026,0.105662,94.44,1
49557_1,0,2027,0.016988,47.36,0
49557_1,1,2028,0.006264,14.17,0
49563_8,0,2029,0.042033,79.32,0
49565_5,0,2030,0.093147,93.35,1
49565_5,1,2031,0.035665,75.14,0
49567_2,0,2032,0.006171,13.76,0
49569_5,0,2033,0.04241,79.57,0
49575_2,0,2034,0.015677,44.44,0
49575_2,1,2035,0.001574,0.78,0
49577_3,0,2036,0.071864,90.61,1
49577_3,1,2037,0.004138,6.18,0
49594_1,0,2038,0.013401,38.76,0
49594_1,1,2039,0.020678,54.78,0
49596_1,0,2040,0.005317,11.08,0
49596_1,1,2041,0.001911,1.19,0
49599_1,0,2042,0.043084,80.35,0
49599_1,1,2043,0.009204,24.67,0
49600_2,0,2044,0.171352,97.49,1
49609_2,0,2045,0.078401,91.85,1
49609_2,1,2046,0.00431,6.71,0
49618_2,0,2047,0.003405,4.16,0
49618_2,1,2048,0.00811,21.17,0
49623_7,0,2049,0.068251,89.79,0
49623_7,1,2050,0.059917,87.27,0
49626_1,0,2051,0.012156,35.23,0
49626_1,1,2052,0.007022,17.69,0
49628_3,0,2053,0.02794,67.38,0
49628_3,1,2054,0.06066,87.48,0
49629_6,0,2055,0.007454,18.95,0
49629_6,1,2056,0.010831,30.6,0
49631_1,0,2057,0.020759,54.9,0
49631_1,1,2058,0.012501,35.91,0
49637_3,0,2059,0.008538,22.53,0
49637_3,1,2060,0.006399,14.95,0
49642_3,0,2061,0.011221,31.92,0
49642_3,1,2062,0.005628,12.23,0
49646_5,0,2063,0.112387,94.73,1
49646_5,1,2064,0.060931,87.6,0
49655_1,0,2065,0.061538,87.85,0
49655_1,1,2066,0.015564,44.15,0
49663_1,0,2068,0.012683,36.33,0
49669_1,0,2069,0.06866,89.99,0
49670_5,0,2070,0.071765,90.57,1
49670_5,1,2071,0.132989,96.13,1
49694_2,0,2072,0.026524,65.44,0
49694_2,1,2073,0.009188,24.59,0
49704_2,0,2074,0.043013,80.31,0
49705_2,0,2076,0.126613,95.92,1
49705_2,1,2077,0.020947,55.27,0
49708_1,0,2078,0.031143,70.8,0
49712_1,0,2079,0.029444,68.86,0
49715_1,0,2080,0.07375,91.14,1
49715_1,1,2081,0.05706,86.24,0
49716_1,0,2082,0.040066,78.17,0
49722_1,0,2083,0.004722,8.61,0
49722_1,1,2084,0.005999,13.26,0
49724_2,0,2085,0.075557,91.43,1
49733_1,0,2086,0.033111,72.65,0
49733_1,1,2087,0.038989,77.55,0
49736_1,0,2089,0.079594,92.01,1
49746_5,0,2090,0.022064,57.37,0
49769_1,0,2091,0.02122,55.77,0
49769_1,1,2092,0.005665,12.31,0
49770_1,0,2093,0.023313,60.34,0
49770_1,1,2094,0.197179,98.19,1
49770_1,2,2095,0.045388,81.63,0
49789_8,0,2096,0.006973,17.26,0
49789_8,1,2097,0.011541,32.83,0
49802_1,0,2098,0.002966,3.13,0
49807_1,0,2099,0.016366,45.84,0
49817_1,0,2101,0.038071,76.81,0
49817_1,1,2102,0.025669,64.25,0
49817_1,2,2103,0.011366,32.5,0
49817_1,3,2104,0.06647,89.0,0
49832_4,0,2105,0.002118,1.57,0
49832_4,1,2106,0.007002,17.46,0
49833_11,0,2107,0.062639,88.04,0
49834_2,0,2108,0.124543,95.8,1
49834_2,1,2109,0.073676,91.06,1
49837_1,0,2110,0.022466,58.32,0
49837_1,1,2111,0.010333,29.08,0
49848_1,0,2112,0.015058,42.83,0
49848_1,1,2113,0.006375,14.79,0
49857_1,0,2114,0.059961,87.31,0
49859_1,0,2115,0.054428,85.26,0
49863_1,0,2116,0.185139,97.86,1
49863_1,1,2117,0.021411,56.3,0
49864_2,0,2118,0.01368,39.29,0
49864_2,1,2119,0.009536,26.03,0
49868_1,0,2120,0.028925,68.33,0
49874_4,0,2121,0.010966,31.1,0
49874_4,1,2122,0.012358,35.67,0
49881_2,0,2123,0.003286,3.71,0
49881_2,1,2124,0.003468,4.41,0
49891_1,0,2125,0.008689,23.19,0
49891_1,1,2126,0.003732,4.94,0
49897_1,0,2127,0.005274,10.83,0
49897_1,1,2128,0.011537,32.78,0
49908_1,0,2129,0.036142,75.58,0
49908_1,1,2130,0.029497,68.9,0
49918_1,0,2131,0.04599,81.84,0
49918_1,1,2132,0.002915,3.05,0
49921_3,0,2133,0.045781,81.71,0
49921_3,1,2134,0.011735,33.57,0
49926_2,0,2135,0.056721,86.16,0
49926_2,1,2136,0.014954,42.71,0
49929_4,0,2137,0.023142,59.76,0
49929_4,1,2138,0.00924,24.84,0
49943_2,0,2140,0.016178,45.53,0
49943_2,1,2141,0.072132,90.71,1
49945_1,0,2142,0.09513,93.45,1
49947_1,0,2143,0.018362,50.29,0
49949_2,0,2144,0.077996,91.76,1
49949_2,1,2145,0.024815,62.85,0
49951_5,0,2146,0.387558,99.88,1
49954_1,0,2147,0.012389,35.79,0
49954_1,1,2148,0.043234,80.52,0
49956_1,0,2149,0.097308,93.7,1
49957_1,0,2150,0.096521,93.62,1
49957_1,1,2151,0.031501,71.33,0
49968_1,0,2152,0.138736,96.29,1
49968_1,1,2153,0.063117,88.1,0
49971_1,0,2154,0.015892,44.98,0
49971_1,1,2155,0.011674,33.36,0
49980_1,0,2156,0.004351,7.08,0
49986_4,0,2157,0.054099,85.09,0
49989_2,0,2158,0.009491,25.82,0
49989_2,1,2159,0.00828,21.83,0
49998_5,0,2160,0.121315,95.51,1
49998_5,1,2161,0.054679,85.42,0
50001_7,0,2162,0.016429,46.13,0
50001_7,1,2163,0.008093,21.13,0
50002_2,0,2164,0.171948,97.57,1
50004_4,0,2165,0.276962,99.3,1
50004_4,1,2166,0.052982,84.64,0
50008_1,0,2167,0.004848,9.1,0
50008_1,1,2168,0.006429,15.07,0
50024_2,0,2169,0.047527,82.21,0
50026_6,0,2170,0.013736,39.46,0
50026_6,1,2171,0.008433,22.24,0
50027_5,0,2172,0.03067,70.26,0
50027_5,1,2173,0.012908,37.19,0
50032_1,0,2174,0.00766,19.81,0
50032_1,1,2175,0.00865,23.02,0
50035_2,0,2178,0.142831,96.46,1
50037_3,0,2179,0.009968,27.72,0
50037_3,1,2180,0.020978,55.4,0
50041_3,0,2181,0.083791,92.42,1
50041_3,1,2182,0.06062,87.44,0
50044_2,0,2183,0.024772,62.75,0
50044_2,1,2184,0.019448,52.82,0
50051_4,0,2185,0.008143,21.33,0
50051_4,1,2186,0.01102,31.38,0
50060_2,0,2187,0.025684,64.29,0
50060_2,1,2188,0.03511,74.63,0
50063_2,0,2189,0.040141,78.21,0
50071_2,0,2190,0.038415,77.18,0
50073_4,0,2191,0.063957,88.57,0
50091_1,0,2192,0.007166,18.16,0
50091_1,1,2193,0.014133,40.44,0
50099_1,0,2194,0.014883,42.5,0
50111_9,0,2195,0.023341,60.46,0
50111_9,1,2196,0.003509,4.49,0
50113_1,0,2197,0.016087,45.39,0
50114_6,0,2198,0.001929,1.32,0
50114_6,1,2199,0.003221,3.38,0
50115_5,0,2200,0.006494,15.4,0
50115_5,1,2201,0.006665,16.23,0
50118_3,0,2202,0.020843,55.15,0
50118_3,1,2203,0.020495,54.61,0
50121_1,0,2204,0.014728,42.01,0
50134_7,0,2207,0.058047,86.57,0
50134_7,1,2208,0.008689,23.23,0
50135_2,0,2209,0.017606,48.81,0
50135_2,1,2210,0.008681,23.15,0
50137_1,0,2211,0.003519,4.57,0
50137_1,1,2212,0.009539,26.15,0
50171_4,0,2213,0.018272,50.04,0
50171_4,1,2214,0.009537,26.07,0
50172_2,0,2215,0.068596,89.87,0
50172_2,1,2216,0.013338,38.67,0
50174_1,0,2217,0.016363,45.8,0
50174_1,1,2218,0.010844,30.64,0
50176_1,0,2219,0.004898,9.29,0
50176_1,1,2220,0.019369,52.66,0
50185_2,0,2221,0.071176,90.44,1
50192_2,0,2222,0.003242,3.44,0
50192_2,1,2223,0.004318,6.86,0
50198_1,0,2224,0.036408,75.95,0
50201_1,0,2225,0.020765,54.94,0
50201_1,1,2226,0.198936,98.35,1
50204_1,0,2227,0.160531,97.08,1
50205_4,0,2228,0.077087,91.6,1
50205_4,1,2229,0.100305,93.95,1
50210_1,0,2230,0.030076,69.52,0
50210_1,1,2231,0.050109,83.48,0
50214_1,0,2232,0.024464,62.11,0
50214_1,1,2233,0.020843,55.11,0
50215_21,0,2234,0.023845,61.16,0
50215_21,1,2235,0.031146,70.84,0
50218_1,0,2236,0.012122,35.13,0
50218_1,1,2237,0.038814,77.47,0
50222_3,0,2238,0.006918,17.11,0
50222_3,1,2239,0.072536,90.84,1
50222_3,2,2240,0.047624,82.31,0
50224_1,0,2241,0.01776,49.14,0
50229_3,0,2242,0.064964,88.76,0
50229_3,1,2243,0.009123,24.42,0
50238_1,0,2244,0.025037,63.26,0
50238_1,1,2245,0.009249,24.92,0
50242_3,0,2247,0.240375,98.89,1
50258_5,0,2248,0.023638,60.96,0
50258_5,1,2249,0.007477,19.03,0
50262_4,0,2250,0.011267,32.17,0
50262_4,1,2251,0.012879,37.03,0
50264_2,0,2252,0.022779,59.18,0
50264_2,1,2253,0.052233,84.35,0
50278_1,0,2254,0.018739,51.4,0
50278_1,1,2255,0.004614,8.32,0
50279_1,0,2256,0.015229,43.55,0
50280_3,0,2257,0.04995,83.32,0
50282_4,0,2258,0.051742,84.23,0
50282_4,1,2259,0.024613,62.48,0
50284_1,0,2260,0.023048,59.64,0
50300_2,0,2261,0.024601,62.4,0
50309_4,0,2262,0.01535,43.7,0
50309_4,1,2263,0.009653,26.73,0
50312_3,0,2264,0.306609,99.63,1
50312_3,1,2265,0.049658,83.11,0
50320_1,0,2266,0.330308,99.71,1
50320_1,1,2267,0.014158,40.57,0
50325_1,0,2268,0.163359,97.16,1
50326_1,0,2269,0.073602,91.02,1
50326_1,1,2270,0.009298,25.21,0
50327_12,0,2271,0.027787,67.09,0
50327_12,1,2272,0.030448,70.1,0
50331_4,0,2273,0.015206,43.37,0
50331_4,1,2274,0.015174,43.29,0
50334_12,0,2275,0.015984,45.35,0
50335_2,0,2276,0.042795,80.07,0
50335_2,1,2277,0.016795,46.87,0
50342_3,0,2278,0.015727,44.65,0
50342_3,1,2279,0.003464,4.28,0
50343_1,0,2280,0.004073,6.01,0
50343_1,1,2281,0.00379,5.11,0
50352_2,0,2282,0.011856,33.96,0
50352_2,1,2283,0.003302,3.85,0
50360_2,0,2284,0.02089,55.23,0
50360_2,1,2285,0.016813,46.91,0
50367_4,0,2286,0.010087,27.97,0
50367_4,1,2287,0.028857,68.2,0
50370_3,0,2288,0.3066,99.59,1
50370_3,1,2289,0.00968,26.94,0
50373_5,0,2290,0.013174,38.01,0
50395_2,0,2291,0.029169,68.66,0
50395_2,1,2292,0.037635,76.57,0
50400_2,0,2293,0.014896,42.59,0
50400_2,1,2294,0.019659,53.09,0
50406_1,0,2295,0.016773,46.83,0
50414_1,0,2296,0.187101,97.94,1
50418_1,0,2297,0.04134,78.87,0
50423_5,0,2298,0.033173,72.69,0
50423_5,1,2299,0.068618,89.91,0
50428_1,0,2300,0.004488,7.7,0
50428_1,1,2301,0.024489,62.15,0
50435_1,0,2302,0.077845,91.72,1
50438_3,0,2303,0.066605,89.17,0
50438_3,1,2304,0.01133,32.37,0
50471_3,0,2305,0.058481,86.74,0
50471_3,1,2306,0.01015,28.34,0
50477_3,0,2307,0.156495,96.91,1
50477_3,1,2308,0.024503,62.19,0
50477_3,2,2309,0.013917,40.07,0
50481_9,0,2310,0.010578,29.94,0
50481_9,1,2311,0.004118,6.05,0
50489_2,0,2312,0.019831,53.58,0
50489_2,1,2313,0.00718,18.25,0
50492_2,0,2314,0.011112,31.71,0
50492_2,1,2315,0.009565,26.28,0
50499_1,0,2316,0.018229,50.0,0
50499_1,1,2317,0.041537,79.0,0
50501_2,0,2318,0.312295,99.67,1
50501_2,1,2319,0.089504,93.08,1
50504_8,0,2320,0.025056,63.39,0
50504_8,1,2321,0.014359,41.14,0
50505_2,0,2322,0.109785,94.6,1
50512_1,0,2323,0.030899,70.51,0
50515_2,0,2324,0.010783,30.4,0
50520_5,0,2325,0.011103,31.67,0
50520_5,1,2326,0.026579,65.53,0
50534_16,0,2327,0.00961,26.52,0
50534_16,1,2328,0.006932,17.22,0
50544_3,0,2329,0.006006,13.3,0
50544_3,1,2330,0.017831,49.18,0
50550_1,0,2331,0.049904,83.28,0
50551_10,0,2333,0.024645,62.6,0
50551_10,1,2334,0.045877,81.8,0
50561_1,0,2335,0.419639,99.96,1
50571_4,0,2336,0.00329,3.75,0
50571_4,1,2337,0.00835,22.03,0
50575_2,0,2338,0.055061,85.54,0
50575_2,1,2339,0.006544,15.69,0
50578_5,0,2340,0.031813,71.66,0
50579_2,0,2341,0.008072,20.96,0
50579_2,1,2342,0.000791,0.04,0
50581_2,0,2343,0.010741,30.35,0
50581_2,1,2344,0.024173,61.53,0
50582_2,0,2345,0.006567,15.82,0
50582_2,1,2346,0.003576,4.65,0
50583_5,0,2347,0.231601,98.72,1
50588_2,0,2348,0.00698,17.34,0
50588_2,1,2349,0.016417,46.09,0
50591_1,0,2350,0.003307,3.91,0
50591_1,1,2351,0.014784,42.13,0
50599_3,0,2352,0.011965,34.56,0
50599_3,1,2353,0.014442,41.39,0
50601_2,0,2354,0.014106,40.4,0
50601_2,1,2355,0.032143,71.75,0
50606_1,0,2356,0.063708,88.36,0
50610_3,0,2357,0.016554,46.33,0
50610_3,1,2358,0.006721,16.39,0
50611_3,0,2359,0.00547,11.66,0
50611_3,1,2360,0.036403,75.86,0
50617_2,0,2361,0.089156,93.0,1
50617_2,1,2362,0.023723,61.12,0
50619_4,0,2363,0.012496,35.87,0
50622_1,0,2364,0.051,83.77,0
50622_1,1,2365,0.008203,21.42,0
50624_5,0,2366,0.018498,50.82,0
50624_5,1,2367,0.037631,76.52,0
50631_2,0,2368,0.057665,86.37,0
50633_1,0,2369,0.006303,14.5,0
50633_1,1,2370,0.007262,18.33,0
50635_1,0,2371,0.006567,15.86,0
50635_1,1,2372,0.008428,22.2,0
50636_2,0,2373,0.020665,54.74,0
50636_2,1,2374,0.003704,4.86,0
50651_4,0,2375,0.0452,81.51,0
50655_5,0,2376,0.038312,77.06,0
50655_5,1,2377,0.002159,1.65,0
50705_1,0,2378,0.007349,18.74,0
50705_1,1,2379,0.021867,57.13,0
50706_1,0,2380,0.008774,23.56,0
50706_1,1,2381,0.008778,23.6,0
50709_3,0,2382,0.122888,95.68,1
50709_3,1,2383,0.063665,88.3,0
50717_1,0,2384,0.052331,84.41,0
50717_1,1,2385,0.056427,85.98,0
50739_1,0,2386,0.026225,65.16,0
50743_4,0,2387,0.012771,36.7,0
50743_4,1,2388,0.007267,18.37,0
50745_1,0,2389,0.002044,1.4,0
50745_1,1,2390,0.058725,86.9,0
50749_4,0,2391,0.104371,94.36,1
50749_4,1,2392,0.017984,49.46,0
50751_1,0,2393,0.17145,97.53,1
50751_1,1,2394,0.332587,99.75,1
50758_1,0,2395,0.235411,98.76,1
50758_1,1,2396,0.087848,92.92,1
50762_2,0,2397,0.16501,97.24,1
50762_2,1,2398,0.051406,84.1,0
50772_5,0,2399,0.006619,16.1,0
50772_5,1,2400,0.003518,4.53,0
50787_4,0,2401,0.024929,62.97,0
50787_4,1,2402,0.039449,77.84,0
50790_1,0,2403,0.039615,77.88,0
50790_1,1,2404,0.046565,81.96,0
50805_1,0,2406,0.008383,22.16,0
50805_1,1,2407,0.006293,14.33,0
50810_1,0,2408,0.029509,68.95,0
50810_1,1,2409,0.018152,49.71,0
50813_1,0,2410,0.004751,8.79,0
50813_1,1,2411,0.004317,6.78,0
50816_3,0,2412,0.023207,59.97,0
50818_5,0,2413,0.028282,67.63,0
50822_1,0,2414,0.005108,10.28,0
50822_1,1,2415,0.051309,84.04,0
50823_1,0,2416,0.015557,44.05,0
50823_1,1,2417,0.032507,72.14,0
50824_2,0,2418,0.014004,40.18,0
50824_2,1,2419,0.055125,85.61,0
50825_1,0,2420,0.014519,41.54,0
50825_1,1,2421,0.035183,74.69,0
50826_1,0,2422,0.035191,74.77,0
50827_1,0,2423,0.121455,95.61,1
50827_1,1,2424,0.059409,87.01,0
50828_3,0,2425,0.005738,12.58,0
50828_3,1,2426,0.003675,4.8,0
50829_11,0,2427,0.062639,88.04,0
50830_1,0,2428,0.004751,8.79,0
50830_1,1,2429,0.004317,6.78,0
50831_3,0,2430,0.006918,17.11,0
50831_3,1,2431,0.072536,90.84,1
50831_3,2,2432,0.047624,82.31,0
50832_1,0,2433,0.027839,67.24,0
50832_1,1,2434,0.025046,63.32,0
50833_2,0,2435,0.003659,4.72,0
50833_2,1,2436,0.007078,17.94,0
50834_1,0,2437,0.099796,93.88,1
50835_1,0,2438,0.274359,99.24,1
50836_4,0,2439,0.063957,88.57,0
50837_3,0,2440,0.018891,51.83,0
50837_3,1,2441,0.011892,34.16,0
50838_1,0,2442,0.018184,49.77,0
50838_1,1,2443,0.00864,22.92,0
50840_1,0,2444,0.052331,84.41,0
50840_1,1,2445,0.056427,85.98,0
50841_2,0,2446,0.022643,58.71,0
50841_2,1,2447,0.01685,47.06,0
50842_1,0,2448,0.067028,89.39,0
50844_1,0,2449,0.015229,43.55,0
50845_6,0,2450,0.00439,7.23,0
50845_6,1,2451,0.009481,25.76,0
50846_2,0,2452,0.003242,3.44,0
50846_2,1,2453,0.004318,6.86,0
50847_2,0,2454,0.030012,69.46,0
50847_2,1,2455,0.021208,55.7,0
50848_1,0,2456,0.027385,66.41,0
50848_1,1,2457,0.013688,39.39,0
50849_1,0,2458,0.002313,1.87,0
50849_1,1,2459,0.005791,12.87,0
50850_4,0,2460,0.011842,33.83,0
50850_4,1,2461,0.009008,23.99,0
50851_1,0,2462,0.054253,85.15,0
50852_1,0,2463,0.004531,7.93,0
50852_1,1,2464,0.036565,76.17,0
50853_1,0,2465,0.004898,9.29,0
50853_1,1,2466,0.019369,52.66,0
50854_1,0,2467,0.063708,88.36,0
50855_2,0,2468,0.034909,74.32,0
50855_2,1,2469,0.009452,25.51,0
50857_1,0,2470,0.017137,47.84,0
50857_1,1,2471,0.026519,65.38,0
50858_2,0,2472,0.019875,53.64,0
50858_2,1,2473,0.010553,29.72,0
50859_1,0,2474,0.049994,83.38,0
50859_1,1,2475,0.060924,87.54,0
50863_2,0,2476,0.023348,60.52,0
50864_1,0,2477,0.007019,17.61,0
50864_1,1,2478,0.006685,16.33,0
50865_2,0,2479,0.016178,45.53,0
50865_2,1,2480,0.072132,90.71,1
50866_1,0,2481,0.005209,10.52,0
50866_1,1,2482,0.009518,25.93,0
50867_1,0,2483,0.012156,35.23,0
50867_1,1,2484,0.007022,17.69,0
50868_2,0,2485,0.011856,33.96,0
50868_2,1,2486,0.003302,3.85,0
50869_5,0,2487,0.093147,93.35,1
50869_5,1,2488,0.035665,75.14,0
50870_2,0,2489,0.024772,62.75,0
50870_2,1,2490,0.019448,52.82,0
squat,0,2491,0.030335,70.02,0
